\\tu\cla\Jarcho\STUDIES\Social_Doors\College_Social_Doors\Data\CompletedData\004\doors\SPADE_Doors_052318-3846-1.edat2,,,,,,,,,,,,,,,,,,,,,,,,,,,,,,,,,,,,,,,,,,,,,,,,,,,,,,,,,,,,,,,,,,,,,,,,,,,,,,,,,,,,,,,,,,,,,,,,,,,,,,,,,,,,,,,,,,,,,,,,,,,,,,,,,,,,,,,,,,,,,,,,,,,,,,,,,,
ExperimentName,Subject,Session,Clock.Information,DataFile.Basename,Display.RefreshRate,ExperimentVersion,GoodBye.FinishTime,Group,RandomSeed,RuntimeCapabilities,RuntimeVersion,RuntimeVersionExpected,SessionDate,SessionStartDateTimeUtc,SessionTime,StudioVersion,Block,PleaseRest.ActionDelay,PleaseRest.ActionTime,PleaseRest.CustomOffsetTime,PleaseRest.CustomOnsetTime,PleaseRest.Duration,PleaseRest.FinishTime,PleaseRest.OffsetDelay,PleaseRest.OffsetTime,PleaseRest.OnsetDelay,PleaseRest.OnsetTime,PleaseRest.OnsetToOnsetTime,PleaseRest.PendingInputMasks,PleaseRest.PreRelease,PleaseRest.StartTime,PleaseRest.TargetOffsetTime,PleaseRest.TargetOnsetTime,PleaseRest.TimingMode,Procedure[Block],RunList,RunList.Cycle,RunList.Sample,Running[Block],ScannerTrigger.OffsetTime,ScannerTrigger.RESP,ScannerTrigger.RTTime,ScannerTrigger.StartTime,Trial,BlockNumber,Doors.ACC,Doors.CRESP,Doors.DurationError,Doors.OffsetTime,Doors.OnsetDelay,Doors.OnsetTime,Doors.OnsetToOnsetTime,Doors.RESP,Doors.RT,Doors.RTTime,Fixation1.DurationError,Fixation1.OffsetTime,Fixation1.OnsetDelay,Fixation1.OnsetTime,Fixation1.OnsetToOnsetTime,Fixation2.ACC,Fixation2.ActionDelay,Fixation2.ActionTime,Fixation2.CRESP,Fixation2.CustomOffsetTime,Fixation2.CustomOnsetTime,Fixation2.Duration,Fixation2.DurationError,Fixation2.FinishTime,Fixation2.OffsetDelay,Fixation2.OffsetTime,Fixation2.OnsetDelay,Fixation2.OnsetTime,Fixation2.OnsetToOnsetTime,Fixation2.PendingInputMasks,Fixation2.PreRelease,Fixation2.RESP,Fixation2.RT,Fixation2.RTTime,Fixation2.StartTime,Fixation2.Tag,Fixation2.TargetOffsetTime,Fixation2.TargetOnsetTime,Fixation2.TimingMode,FollowWinLoss,Image,ITI,ITI.Duration,ITI.DurationError,ITI.OffsetTime,ITI.OnsetDelay,ITI.OnsetTime,ITI.OnsetToOnsetTime,LoseInstructions.ActionDelay,LoseInstructions.ActionTime,LoseInstructions.CustomOffsetTime,LoseInstructions.CustomOnsetTime,LoseInstructions.Duration,LoseInstructions.FinishTime,LoseInstructions.OffsetDelay,LoseInstructions.OffsetTime,LoseInstructions.OnsetDelay,LoseInstructions.OnsetTime,LoseInstructions.OnsetToOnsetTime,LoseInstructions.RESP,LoseInstructions.RT,Outcome.ACC,Outcome.ActionDelay,Outcome.ActionTime,Outcome.CRESP,Outcome.CustomOffsetTime,Outcome.CustomOnsetTime,Outcome.Duration,Outcome.DurationError,Outcome.FinishTime,Outcome.OffsetDelay,Outcome.OffsetTime,Outcome.OnsetDelay,Outcome.OnsetTime,Outcome.OnsetToOnsetTime,Outcome.PendingInputMasks,Outcome.PreRelease,Outcome.RESP,Outcome.RT,Outcome.RTTime,Outcome.StartTime,Outcome.Tag,Outcome.TargetOffsetTime,Outcome.TargetOnsetTime,Outcome.TimingMode,PrizeInstructions.ActionDelay,PrizeInstructions.ActionTime,PrizeInstructions.CustomOffsetTime,PrizeInstructions.CustomOnsetTime,PrizeInstructions.Duration,PrizeInstructions.DurationError,PrizeInstructions.OffsetTime,PrizeInstructions.OnsetDelay,PrizeInstructions.OnsetTime,PrizeInstructions.OnsetToOnsetTime,PrizeInstructions.RESP,Procedure[Trial],RunBlock1,RunBlock1.Cycle,RunBlock1.Sample,RunBlock2,RunBlock2.Cycle,RunBlock2.Sample,RunLoseWin,Running[Trial],RunWinLose,TrialListPickLoss,TrialListPickWin,TrialType
SPADE_Doors_052318,3846,1,"<?xml version=""1.0""?>\n<Clock xmlns:dt=""urn:schemas-microsoft-com:datatypes""><Description dt:dt=""string"">E-Prime Primary Realtime Clock</Description><StartTime><Timestamp dt:dt=""int"">0</Timestamp><DateUtc dt:dt=""string"">2019-04-01T20:34:09Z</DateUtc></StartTime><FrequencyChanges><FrequencyChange><Frequency dt:dt=""r8"">3410117</Frequency><Timestamp dt:dt=""r8"">83282638788</Timestamp><Current dt:dt=""r8"">0</Current><DateUtc dt:dt=""string"">2019-04-01T20:34:09Z</DateUtc></FrequencyChange></FrequencyChanges></Clock>\n",SPADE_Doors_052318-3846-1,75.031,1.0.0.283,725908,1,1678918960,Professional,2.0.10.356,2.0.10.356,4/1/19,4/1/19 20:34,16:34:09,2.0.10.252,1,0,417963,0,0,5000,422963,0,422963,6,417963,0,0,0,417859,422963,417957,0,RunWinLose,2,1,1,RunList,145426,t,145426,132564,1,1,,,,,,,,,,,,,,,,,,,,,,,,,,,,,,,,,,,,,,,,,,,,,,,,,,,,,,,,,,,,,,,,,,,,,,,,,,,,,,,,,,,,,,0,145447,0,0,5000,0,145447,21,145447,0,t,PrizeInstructionProc,,,,1,1,1,,RunBlock2,RunWinLose,,,
SPADE_Doors_052318,3846,1,"<?xml version=""1.0""?>\n<Clock xmlns:dt=""urn:schemas-microsoft-com:datatypes""><Description dt:dt=""string"">E-Prime Primary Realtime Clock</Description><StartTime><Timestamp dt:dt=""int"">0</Timestamp><DateUtc dt:dt=""string"">2019-04-01T20:34:09Z</DateUtc></StartTime><FrequencyChanges><FrequencyChange><Frequency dt:dt=""r8"">3410117</Frequency><Timestamp dt:dt=""r8"">83282638788</Timestamp><Current dt:dt=""r8"">0</Current><DateUtc dt:dt=""string"">2019-04-01T20:34:09Z</DateUtc></FrequencyChange></FrequencyChanges></Clock>\n",SPADE_Doors_052318-3846-1,75.031,1.0.0.283,725908,1,1678918960,Professional,2.0.10.356,2.0.10.356,4/1/19,4/1/19 20:34,16:34:09,2.0.10.252,1,0,417963,0,0,5000,422963,0,422963,6,417963,0,0,0,417859,422963,417957,0,RunWinLose,2,1,1,RunList,145426,t,145426,132564,2,1,0,,-11,153947,11,151058,2998,g,637,151695,-11,150947,11,150458,600,0,0,154056,,0,0,600,-9,154547,0,154547,9,154056,614,0,100,,0,0,153947,fix+,154547,154047,1,blockstart,Line.bmp,1100,1100,-22,156647,22,155669,0,,,,,,,,,,,,,,0,0,154670,,0,0,1000,-23,155547,0,155547,23,154670,999,0,100,,0,0,154547,,155547,154647,1,,,,,,,,,,,,PrizeProc,,,,2,1,2,,RunBlock2,RunWinLose,,1,loss
SPADE_Doors_052318,3846,1,"<?xml version=""1.0""?>\n<Clock xmlns:dt=""urn:schemas-microsoft-com:datatypes""><Description dt:dt=""string"">E-Prime Primary Realtime Clock</Description><StartTime><Timestamp dt:dt=""int"">0</Timestamp><DateUtc dt:dt=""string"">2019-04-01T20:34:09Z</DateUtc></StartTime><FrequencyChanges><FrequencyChange><Frequency dt:dt=""r8"">3410117</Frequency><Timestamp dt:dt=""r8"">83282638788</Timestamp><Current dt:dt=""r8"">0</Current><DateUtc dt:dt=""string"">2019-04-01T20:34:09Z</DateUtc></FrequencyChange></FrequencyChanges></Clock>\n",SPADE_Doors_052318-3846-1,75.031,1.0.0.283,725908,1,1678918960,Professional,2.0.10.356,2.0.10.356,4/1/19,4/1/19 20:34,16:34:09,2.0.10.252,1,0,417963,0,0,5000,422963,0,422963,6,417963,0,0,0,417859,422963,417957,0,RunWinLose,2,1,1,RunList,145426,t,145426,132564,3,1,0,,-1,160247,1,157348,2999,g,1163,158511,-2,157247,2,156749,599,0,0,160347,,0,0,600,0,160847,0,160847,0,160347,613,0,100,,0,0,160247,fix+,160847,160347,1,winfollowloss,UpArrow.bmp,3200,3200,-13,165047,13,161960,0,,,,,,,,,,,,,,0,0,160960,,0,0,1000,-13,161847,0,161847,13,160960,1000,0,100,,0,0,160847,,161847,160947,1,,,,,,,,,,,,PrizeProc,,,,3,1,3,,RunBlock2,RunWinLose,,2,win
SPADE_Doors_052318,3846,1,"<?xml version=""1.0""?>\n<Clock xmlns:dt=""urn:schemas-microsoft-com:datatypes""><Description dt:dt=""string"">E-Prime Primary Realtime Clock</Description><StartTime><Timestamp dt:dt=""int"">0</Timestamp><DateUtc dt:dt=""string"">2019-04-01T20:34:09Z</DateUtc></StartTime><FrequencyChanges><FrequencyChange><Frequency dt:dt=""r8"">3410117</Frequency><Timestamp dt:dt=""r8"">83282638788</Timestamp><Current dt:dt=""r8"">0</Current><DateUtc dt:dt=""string"">2019-04-01T20:34:09Z</DateUtc></FrequencyChange></FrequencyChanges></Clock>\n",SPADE_Doors_052318-3846-1,75.031,1.0.0.283,725908,1,1678918960,Professional,2.0.10.356,2.0.10.356,4/1/19,4/1/19 20:34,16:34:09,2.0.10.252,1,0,417963,0,0,5000,422963,0,422963,6,417963,0,0,0,417859,422963,417957,0,RunWinLose,2,1,1,RunList,145426,t,145426,132564,4,1,0,,-11,168647,11,165758,2999,b,733,166491,-12,165647,12,165159,599,0,0,168757,,0,0,600,-10,169247,0,169247,10,168757,600,0,100,,0,0,168647,fix+,169247,168747,1,lossfollowwin,Line.bmp,5300,5300,-10,175547,10,170357,0,,,,,,,,,,,,,,0,0,169357,,0,0,1000,-10,170247,0,170247,10,169357,1000,0,100,,0,0,169247,,170247,169347,1,,,,,,,,,,,,PrizeProc,,,,4,1,4,,RunBlock2,RunWinLose,,3,loss
SPADE_Doors_052318,3846,1,"<?xml version=""1.0""?>\n<Clock xmlns:dt=""urn:schemas-microsoft-com:datatypes""><Description dt:dt=""string"">E-Prime Primary Realtime Clock</Description><StartTime><Timestamp dt:dt=""int"">0</Timestamp><DateUtc dt:dt=""string"">2019-04-01T20:34:09Z</DateUtc></StartTime><FrequencyChanges><FrequencyChange><Frequency dt:dt=""r8"">3410117</Frequency><Timestamp dt:dt=""r8"">83282638788</Timestamp><Current dt:dt=""r8"">0</Current><DateUtc dt:dt=""string"">2019-04-01T20:34:09Z</DateUtc></FrequencyChange></FrequencyChanges></Clock>\n",SPADE_Doors_052318-3846-1,75.031,1.0.0.283,725908,1,1678918960,Professional,2.0.10.356,2.0.10.356,4/1/19,4/1/19 20:34,16:34:09,2.0.10.252,1,0,417963,0,0,5000,422963,0,422963,6,417963,0,0,0,417859,422963,417957,0,RunWinLose,2,1,1,RunList,145426,t,145426,132564,5,1,0,,-1,179147,1,176248,3012,b,395,176643,-1,176147,1,175648,600,0,0,179260,,0,0,600,-13,179747,0,179747,13,179260,599,0,100,,0,0,179147,fix+,179747,179247,1,lossfollowloss,Line.bmp,11600,11600,-25,192347,25,180872,0,,,,,,,,,,,,,,0,0,179859,,0,0,1000,-12,180747,0,180747,12,179859,1013,0,100,,0,0,179747,,180747,179847,1,,,,,,,,,,,,PrizeProc,,,,5,1,5,,RunBlock2,RunWinLose,,4,loss
SPADE_Doors_052318,3846,1,"<?xml version=""1.0""?>\n<Clock xmlns:dt=""urn:schemas-microsoft-com:datatypes""><Description dt:dt=""string"">E-Prime Primary Realtime Clock</Description><StartTime><Timestamp dt:dt=""int"">0</Timestamp><DateUtc dt:dt=""string"">2019-04-01T20:34:09Z</DateUtc></StartTime><FrequencyChanges><FrequencyChange><Frequency dt:dt=""r8"">3410117</Frequency><Timestamp dt:dt=""r8"">83282638788</Timestamp><Current dt:dt=""r8"">0</Current><DateUtc dt:dt=""string"">2019-04-01T20:34:09Z</DateUtc></FrequencyChange></FrequencyChanges></Clock>\n",SPADE_Doors_052318-3846-1,75.031,1.0.0.283,725908,1,1678918960,Professional,2.0.10.356,2.0.10.356,4/1/19,4/1/19 20:34,16:34:09,2.0.10.252,1,0,417963,0,0,5000,422963,0,422963,6,417963,0,0,0,417859,422963,417957,0,RunWinLose,2,1,1,RunList,145426,t,145426,132564,6,1,0,,-7,195947,7,193054,2999,g,407,193461,-7,192947,7,192454,600,0,0,196053,,0,0,600,-6,196547,0,196547,6,196053,600,0,100,,0,0,195947,fix+,196547,196047,1,lossfollowloss,Line.bmp,5300,5300,-5,202847,5,197652,0,,,,,,,,,,,,,,0,0,196653,,0,0,1000,-6,197547,0,197547,6,196653,999,0,100,,0,0,196547,,197547,196647,1,,,,,,,,,,,,PrizeProc,,,,6,1,6,,RunBlock2,RunWinLose,,5,loss
SPADE_Doors_052318,3846,1,"<?xml version=""1.0""?>\n<Clock xmlns:dt=""urn:schemas-microsoft-com:datatypes""><Description dt:dt=""string"">E-Prime Primary Realtime Clock</Description><StartTime><Timestamp dt:dt=""int"">0</Timestamp><DateUtc dt:dt=""string"">2019-04-01T20:34:09Z</DateUtc></StartTime><FrequencyChanges><FrequencyChange><Frequency dt:dt=""r8"">3410117</Frequency><Timestamp dt:dt=""r8"">83282638788</Timestamp><Current dt:dt=""r8"">0</Current><DateUtc dt:dt=""string"">2019-04-01T20:34:09Z</DateUtc></FrequencyChange></FrequencyChanges></Clock>\n",SPADE_Doors_052318-3846-1,75.031,1.0.0.283,725908,1,1678918960,Professional,2.0.10.356,2.0.10.356,4/1/19,4/1/19 20:34,16:34:09,2.0.10.252,1,0,417963,0,0,5000,422963,0,422963,6,417963,0,0,0,417859,422963,417957,0,RunWinLose,2,1,1,RunList,145426,t,145426,132564,7,1,0,,-10,206447,10,203557,2998,g,418,203975,-10,203447,10,202957,600,0,0,206555,,0,0,600,-8,207047,0,207047,8,206555,600,0,100,,0,0,206447,fix+,207047,206547,1,winfollowloss,UpArrow.bmp,3200,3200,-8,211247,8,208155,0,,,,,,,,,,,,,,0,0,207155,,0,0,1000,-8,208047,0,208047,8,207155,1000,0,100,,0,0,207047,,208047,207147,1,,,,,,,,,,,,PrizeProc,,,,7,1,7,,RunBlock2,RunWinLose,,6,win
SPADE_Doors_052318,3846,1,"<?xml version=""1.0""?>\n<Clock xmlns:dt=""urn:schemas-microsoft-com:datatypes""><Description dt:dt=""string"">E-Prime Primary Realtime Clock</Description><StartTime><Timestamp dt:dt=""int"">0</Timestamp><DateUtc dt:dt=""string"">2019-04-01T20:34:09Z</DateUtc></StartTime><FrequencyChanges><FrequencyChange><Frequency dt:dt=""r8"">3410117</Frequency><Timestamp dt:dt=""r8"">83282638788</Timestamp><Current dt:dt=""r8"">0</Current><DateUtc dt:dt=""string"">2019-04-01T20:34:09Z</DateUtc></FrequencyChange></FrequencyChanges></Clock>\n",SPADE_Doors_052318-3846-1,75.031,1.0.0.283,725908,1,1678918960,Professional,2.0.10.356,2.0.10.356,4/1/19,4/1/19 20:34,16:34:09,2.0.10.252,1,0,417963,0,0,5000,422963,0,422963,6,417963,0,0,0,417859,422963,417957,0,RunWinLose,2,1,1,RunList,145426,t,145426,132564,8,1,0,,-6,214847,6,211953,2999,g,1196,213149,-6,211847,6,211353,600,0,0,214952,,0,0,600,-5,215447,0,215447,5,214952,600,0,100,,0,0,214847,fix+,215447,214947,1,winfollowwin,UpArrow.bmp,1100,1100,-18,217547,18,216565,0,,,,,,,,,,,,,,0,0,215552,,0,0,1000,-5,216447,0,216447,5,215552,1013,0,100,,0,0,215447,,216447,215547,1,,,,,,,,,,,,PrizeProc,,,,8,1,8,,RunBlock2,RunWinLose,,7,win
SPADE_Doors_052318,3846,1,"<?xml version=""1.0""?>\n<Clock xmlns:dt=""urn:schemas-microsoft-com:datatypes""><Description dt:dt=""string"">E-Prime Primary Realtime Clock</Description><StartTime><Timestamp dt:dt=""int"">0</Timestamp><DateUtc dt:dt=""string"">2019-04-01T20:34:09Z</DateUtc></StartTime><FrequencyChanges><FrequencyChange><Frequency dt:dt=""r8"">3410117</Frequency><Timestamp dt:dt=""r8"">83282638788</Timestamp><Current dt:dt=""r8"">0</Current><DateUtc dt:dt=""string"">2019-04-01T20:34:09Z</DateUtc></FrequencyChange></FrequencyChanges></Clock>\n",SPADE_Doors_052318-3846-1,75.031,1.0.0.283,725908,1,1678918960,Professional,2.0.10.356,2.0.10.356,4/1/19,4/1/19 20:34,16:34:09,2.0.10.252,1,0,417963,0,0,5000,422963,0,422963,6,417963,0,0,0,417859,422963,417957,0,RunWinLose,2,1,1,RunList,145426,t,145426,132564,9,1,0,,-10,221147,10,218257,2999,g,1197,219454,-11,218147,11,217658,599,0,0,221256,,0,0,600,-9,221747,0,221747,9,221256,600,0,100,,0,0,221147,fix+,221747,221247,1,lossfollowwin,Line.bmp,3200,3200,-22,225947,22,222869,0,,,,,,,,,,,,,,0,0,221856,,0,0,1000,-9,222747,0,222747,9,221856,1013,0,100,,0,0,221747,,222747,221847,1,,,,,,,,,,,,PrizeProc,,,,9,1,9,,RunBlock2,RunWinLose,,8,loss
SPADE_Doors_052318,3846,1,"<?xml version=""1.0""?>\n<Clock xmlns:dt=""urn:schemas-microsoft-com:datatypes""><Description dt:dt=""string"">E-Prime Primary Realtime Clock</Description><StartTime><Timestamp dt:dt=""int"">0</Timestamp><DateUtc dt:dt=""string"">2019-04-01T20:34:09Z</DateUtc></StartTime><FrequencyChanges><FrequencyChange><Frequency dt:dt=""r8"">3410117</Frequency><Timestamp dt:dt=""r8"">83282638788</Timestamp><Current dt:dt=""r8"">0</Current><DateUtc dt:dt=""string"">2019-04-01T20:34:09Z</DateUtc></FrequencyChange></FrequencyChanges></Clock>\n",SPADE_Doors_052318-3846-1,75.031,1.0.0.283,725908,1,1678918960,Professional,2.0.10.356,2.0.10.356,4/1/19,4/1/19 20:34,16:34:09,2.0.10.252,1,0,417963,0,0,5000,422963,0,422963,6,417963,0,0,0,417859,422963,417957,0,RunWinLose,2,1,1,RunList,145426,t,145426,132564,10,1,0,,-7,229547,7,226654,2999,g,694,227348,-7,226547,7,226054,600,0,0,229653,,0,0,600,-6,230147,0,230147,6,229653,599,0,100,,0,0,229547,fix+,230147,229647,1,winfollowloss,UpArrow.bmp,3200,3200,-18,234347,18,231265,0,,,,,,,,,,,,,,0,0,230252,,0,0,1000,-5,231147,0,231147,5,230252,1013,0,100,,0,0,230147,,231147,230247,1,,,,,,,,,,,,PrizeProc,,,,10,1,10,,RunBlock2,RunWinLose,,9,win
SPADE_Doors_052318,3846,1,"<?xml version=""1.0""?>\n<Clock xmlns:dt=""urn:schemas-microsoft-com:datatypes""><Description dt:dt=""string"">E-Prime Primary Realtime Clock</Description><StartTime><Timestamp dt:dt=""int"">0</Timestamp><DateUtc dt:dt=""string"">2019-04-01T20:34:09Z</DateUtc></StartTime><FrequencyChanges><FrequencyChange><Frequency dt:dt=""r8"">3410117</Frequency><Timestamp dt:dt=""r8"">83282638788</Timestamp><Current dt:dt=""r8"">0</Current><DateUtc dt:dt=""string"">2019-04-01T20:34:09Z</DateUtc></FrequencyChange></FrequencyChanges></Clock>\n",SPADE_Doors_052318-3846-1,75.031,1.0.0.283,725908,1,1678918960,Professional,2.0.10.356,2.0.10.356,4/1/19,4/1/19 20:34,16:34:09,2.0.10.252,1,0,417963,0,0,5000,422963,0,422963,6,417963,0,0,0,417859,422963,417957,0,RunWinLose,2,1,1,RunList,145426,t,145426,132564,11,1,0,,-3,237947,3,235050,2999,b,1053,236103,-4,234947,4,234451,599,0,0,238049,,0,0,600,-2,238547,0,238547,2,238049,600,0,100,,0,0,237947,fix+,238547,238047,1,winfollowwin,UpArrow.bmp,1100,1100,-15,240647,15,239662,0,,,,,,,,,,,,,,0,0,238649,,0,0,1000,-2,239547,0,239547,2,238649,1013,0,100,,0,0,238547,,239547,238647,1,,,,,,,,,,,,PrizeProc,,,,11,1,11,,RunBlock2,RunWinLose,,10,win
SPADE_Doors_052318,3846,1,"<?xml version=""1.0""?>\n<Clock xmlns:dt=""urn:schemas-microsoft-com:datatypes""><Description dt:dt=""string"">E-Prime Primary Realtime Clock</Description><StartTime><Timestamp dt:dt=""int"">0</Timestamp><DateUtc dt:dt=""string"">2019-04-01T20:34:09Z</DateUtc></StartTime><FrequencyChanges><FrequencyChange><Frequency dt:dt=""r8"">3410117</Frequency><Timestamp dt:dt=""r8"">83282638788</Timestamp><Current dt:dt=""r8"">0</Current><DateUtc dt:dt=""string"">2019-04-01T20:34:09Z</DateUtc></FrequencyChange></FrequencyChanges></Clock>\n",SPADE_Doors_052318-3846-1,75.031,1.0.0.283,725908,1,1678918960,Professional,2.0.10.356,2.0.10.356,4/1/19,4/1/19 20:34,16:34:09,2.0.10.252,1,0,417963,0,0,5000,422963,0,422963,6,417963,0,0,0,417859,422963,417957,0,RunWinLose,2,1,1,RunList,145426,t,145426,132564,12,1,0,,-8,244247,8,241355,2998,b,1343,242698,-8,241247,8,240755,600,0,0,244353,,0,0,600,-6,244847,0,244847,6,244353,600,0,100,,0,0,244247,fix+,244847,244347,1,winfollowwin,UpArrow.bmp,1100,1100,-6,246947,6,245953,0,,,,,,,,,,,,,,0,0,244953,,0,0,1000,-6,245847,0,245847,6,244953,1000,0,100,,0,0,244847,,245847,244947,1,,,,,,,,,,,,PrizeProc,,,,12,1,12,,RunBlock2,RunWinLose,,11,win
SPADE_Doors_052318,3846,1,"<?xml version=""1.0""?>\n<Clock xmlns:dt=""urn:schemas-microsoft-com:datatypes""><Description dt:dt=""string"">E-Prime Primary Realtime Clock</Description><StartTime><Timestamp dt:dt=""int"">0</Timestamp><DateUtc dt:dt=""string"">2019-04-01T20:34:09Z</DateUtc></StartTime><FrequencyChanges><FrequencyChange><Frequency dt:dt=""r8"">3410117</Frequency><Timestamp dt:dt=""r8"">83282638788</Timestamp><Current dt:dt=""r8"">0</Current><DateUtc dt:dt=""string"">2019-04-01T20:34:09Z</DateUtc></FrequencyChange></FrequencyChanges></Clock>\n",SPADE_Doors_052318-3846-1,75.031,1.0.0.283,725908,1,1678918960,Professional,2.0.10.356,2.0.10.356,4/1/19,4/1/19 20:34,16:34:09,2.0.10.252,1,0,417963,0,0,5000,422963,0,422963,6,417963,0,0,0,417859,422963,417957,0,RunWinLose,2,1,1,RunList,145426,t,145426,132564,13,1,0,,-12,250547,12,247659,2999,g,851,248510,-12,247547,12,247059,600,0,0,250658,,0,0,600,-11,251147,0,251147,11,250658,599,0,100,,0,0,250547,fix+,251147,250647,1,lossfollowwin,Line.bmp,1100,1100,-10,253247,10,252257,0,,,,,,,,,,,,,,0,0,251257,,0,0,1000,-10,252147,0,252147,10,251257,1000,0,100,,0,0,251147,,252147,251247,1,,,,,,,,,,,,PrizeProc,,,,13,1,13,,RunBlock2,RunWinLose,,12,loss
SPADE_Doors_052318,3846,1,"<?xml version=""1.0""?>\n<Clock xmlns:dt=""urn:schemas-microsoft-com:datatypes""><Description dt:dt=""string"">E-Prime Primary Realtime Clock</Description><StartTime><Timestamp dt:dt=""int"">0</Timestamp><DateUtc dt:dt=""string"">2019-04-01T20:34:09Z</DateUtc></StartTime><FrequencyChanges><FrequencyChange><Frequency dt:dt=""r8"">3410117</Frequency><Timestamp dt:dt=""r8"">83282638788</Timestamp><Current dt:dt=""r8"">0</Current><DateUtc dt:dt=""string"">2019-04-01T20:34:09Z</DateUtc></FrequencyChange></FrequencyChanges></Clock>\n",SPADE_Doors_052318-3846-1,75.031,1.0.0.283,725908,1,1678918960,Professional,2.0.10.356,2.0.10.356,4/1/19,4/1/19 20:34,16:34:09,2.0.10.252,1,0,417963,0,0,5000,422963,0,422963,6,417963,0,0,0,417859,422963,417957,0,RunWinLose,2,1,1,RunList,145426,t,145426,132564,14,1,0,,-3,256847,3,253950,2998,g,608,254558,-3,253847,3,253350,600,0,0,256948,,0,0,600,-1,257447,0,257447,1,256948,600,0,100,,0,0,256847,fix+,257447,256947,1,winfollowloss,UpArrow.bmp,5300,5300,-1,263747,1,258548,0,,,,,,,,,,,,,,0,0,257548,,0,0,1000,-1,258447,0,258447,1,257548,1000,0,100,,0,0,257447,,258447,257547,1,,,,,,,,,,,,PrizeProc,,,,14,1,14,,RunBlock2,RunWinLose,,13,win
SPADE_Doors_052318,3846,1,"<?xml version=""1.0""?>\n<Clock xmlns:dt=""urn:schemas-microsoft-com:datatypes""><Description dt:dt=""string"">E-Prime Primary Realtime Clock</Description><StartTime><Timestamp dt:dt=""int"">0</Timestamp><DateUtc dt:dt=""string"">2019-04-01T20:34:09Z</DateUtc></StartTime><FrequencyChanges><FrequencyChange><Frequency dt:dt=""r8"">3410117</Frequency><Timestamp dt:dt=""r8"">83282638788</Timestamp><Current dt:dt=""r8"">0</Current><DateUtc dt:dt=""string"">2019-04-01T20:34:09Z</DateUtc></FrequencyChange></FrequencyChanges></Clock>\n",SPADE_Doors_052318-3846-1,75.031,1.0.0.283,725908,1,1678918960,Professional,2.0.10.356,2.0.10.356,4/1/19,4/1/19 20:34,16:34:09,2.0.10.252,1,0,417963,0,0,5000,422963,0,422963,6,417963,0,0,0,417859,422963,417957,0,RunWinLose,2,1,1,RunList,145426,t,145426,132564,15,1,0,,-5,267347,5,264452,2999,b,427,264879,-5,264347,5,263852,600,0,0,267451,,0,0,600,-4,267947,0,267947,4,267451,600,0,100,,0,0,267347,fix+,267947,267447,1,lossfollowwin,Line.bmp,5300,5300,-16,274247,16,269063,0,,,,,,,,,,,,,,0,0,268051,,0,0,1000,-4,268947,0,268947,4,268051,1012,0,100,,0,0,267947,,268947,268047,1,,,,,,,,,,,,PrizeProc,,,,15,1,15,,RunBlock2,RunWinLose,,14,loss
SPADE_Doors_052318,3846,1,"<?xml version=""1.0""?>\n<Clock xmlns:dt=""urn:schemas-microsoft-com:datatypes""><Description dt:dt=""string"">E-Prime Primary Realtime Clock</Description><StartTime><Timestamp dt:dt=""int"">0</Timestamp><DateUtc dt:dt=""string"">2019-04-01T20:34:09Z</DateUtc></StartTime><FrequencyChanges><FrequencyChange><Frequency dt:dt=""r8"">3410117</Frequency><Timestamp dt:dt=""r8"">83282638788</Timestamp><Current dt:dt=""r8"">0</Current><DateUtc dt:dt=""string"">2019-04-01T20:34:09Z</DateUtc></FrequencyChange></FrequencyChanges></Clock>\n",SPADE_Doors_052318-3846-1,75.031,1.0.0.283,725908,1,1678918960,Professional,2.0.10.356,2.0.10.356,4/1/19,4/1/19 20:34,16:34:09,2.0.10.252,1,0,417963,0,0,5000,422963,0,422963,6,417963,0,0,0,417859,422963,417957,0,RunWinLose,2,1,1,RunList,145426,t,145426,132564,16,1,0,,-7,277847,7,274954,2999,g,549,275503,-8,274847,8,274355,599,0,0,277953,,0,0,600,-6,278447,0,278447,6,277953,600,0,100,,0,0,277847,fix+,278447,277947,1,lossfollowloss,Line.bmp,5300,5300,-6,284747,6,279553,0,,,,,,,,,,,,,,0,0,278553,,0,0,1000,-6,279447,0,279447,6,278553,1000,0,100,,0,0,278447,,279447,278547,1,,,,,,,,,,,,PrizeProc,,,,16,1,16,,RunBlock2,RunWinLose,,15,loss
SPADE_Doors_052318,3846,1,"<?xml version=""1.0""?>\n<Clock xmlns:dt=""urn:schemas-microsoft-com:datatypes""><Description dt:dt=""string"">E-Prime Primary Realtime Clock</Description><StartTime><Timestamp dt:dt=""int"">0</Timestamp><DateUtc dt:dt=""string"">2019-04-01T20:34:09Z</DateUtc></StartTime><FrequencyChanges><FrequencyChange><Frequency dt:dt=""r8"">3410117</Frequency><Timestamp dt:dt=""r8"">83282638788</Timestamp><Current dt:dt=""r8"">0</Current><DateUtc dt:dt=""string"">2019-04-01T20:34:09Z</DateUtc></FrequencyChange></FrequencyChanges></Clock>\n",SPADE_Doors_052318-3846-1,75.031,1.0.0.283,725908,1,1678918960,Professional,2.0.10.356,2.0.10.356,4/1/19,4/1/19 20:34,16:34:09,2.0.10.252,1,0,417963,0,0,5000,422963,0,422963,6,417963,0,0,0,417859,422963,417957,0,RunWinLose,2,1,1,RunList,145426,t,145426,132564,17,2,,,,,,,,,,,,,,,,,,,,,,,,,,,,,,,,,,,,,,,,,,,,,,,,,0,284857,0,0,5000,284857,0,284857,10,284857,0,t,1268,,,,,,,,,,,,,,,,,,,,,,,,,,,,,,,,,,,,LoseInstructionProc,,,,17,1,17,,RunBlock2,RunWinLose,,,
SPADE_Doors_052318,3846,1,"<?xml version=""1.0""?>\n<Clock xmlns:dt=""urn:schemas-microsoft-com:datatypes""><Description dt:dt=""string"">E-Prime Primary Realtime Clock</Description><StartTime><Timestamp dt:dt=""int"">0</Timestamp><DateUtc dt:dt=""string"">2019-04-01T20:34:09Z</DateUtc></StartTime><FrequencyChanges><FrequencyChange><Frequency dt:dt=""r8"">3410117</Frequency><Timestamp dt:dt=""r8"">83282638788</Timestamp><Current dt:dt=""r8"">0</Current><DateUtc dt:dt=""string"">2019-04-01T20:34:09Z</DateUtc></FrequencyChange></FrequencyChanges></Clock>\n",SPADE_Doors_052318-3846-1,75.031,1.0.0.283,725908,1,1678918960,Professional,2.0.10.356,2.0.10.356,4/1/19,4/1/19 20:34,16:34:09,2.0.10.252,1,0,417963,0,0,5000,422963,0,422963,6,417963,0,0,0,417859,422963,417957,0,RunWinLose,2,1,1,RunList,145426,t,145426,132564,18,2,0,,-11,293357,11,290468,2999,g,894,291362,-11,290357,11,289868,600,0,0,293467,,0,0,600,-10,293957,0,293957,10,293467,600,0,100,,0,0,293357,fix+,293957,293457,1,blockstart,Line.bmp,3200,3200,-23,298157,23,295080,0,,,,,,,,,,,,,,0,0,294067,,0,0,1000,-10,294957,0,294957,10,294067,1013,0,100,,0,0,293957,,294957,294057,1,,,,,,,,,,,,LoseProc,,,,18,1,18,,RunBlock2,RunWinLose,1,,loss
SPADE_Doors_052318,3846,1,"<?xml version=""1.0""?>\n<Clock xmlns:dt=""urn:schemas-microsoft-com:datatypes""><Description dt:dt=""string"">E-Prime Primary Realtime Clock</Description><StartTime><Timestamp dt:dt=""int"">0</Timestamp><DateUtc dt:dt=""string"">2019-04-01T20:34:09Z</DateUtc></StartTime><FrequencyChanges><FrequencyChange><Frequency dt:dt=""r8"">3410117</Frequency><Timestamp dt:dt=""r8"">83282638788</Timestamp><Current dt:dt=""r8"">0</Current><DateUtc dt:dt=""string"">2019-04-01T20:34:09Z</DateUtc></FrequencyChange></FrequencyChanges></Clock>\n",SPADE_Doors_052318-3846-1,75.031,1.0.0.283,725908,1,1678918960,Professional,2.0.10.356,2.0.10.356,4/1/19,4/1/19 20:34,16:34:09,2.0.10.252,1,0,417963,0,0,5000,422963,0,422963,6,417963,0,0,0,417859,422963,417957,0,RunWinLose,2,1,1,RunList,145426,t,145426,132564,19,2,0,,-8,301757,8,298865,2999,g,630,299495,-8,298757,8,298265,600,0,0,301864,,0,0,600,-7,302357,0,302357,7,301864,613,0,100,,0,0,301757,fix+,302357,301857,1,winfollowloss,DownArrow.bmp,3200,3200,-19,306557,19,303476,0,,,,,,,,,,,,,,0,0,302477,,0,0,1000,-20,303357,0,303357,20,302477,999,0,100,,0,0,302357,,303357,302457,1,,,,,,,,,,,,LoseProc,,,,19,1,19,,RunBlock2,RunWinLose,2,,win
SPADE_Doors_052318,3846,1,"<?xml version=""1.0""?>\n<Clock xmlns:dt=""urn:schemas-microsoft-com:datatypes""><Description dt:dt=""string"">E-Prime Primary Realtime Clock</Description><StartTime><Timestamp dt:dt=""int"">0</Timestamp><DateUtc dt:dt=""string"">2019-04-01T20:34:09Z</DateUtc></StartTime><FrequencyChanges><FrequencyChange><Frequency dt:dt=""r8"">3410117</Frequency><Timestamp dt:dt=""r8"">83282638788</Timestamp><Current dt:dt=""r8"">0</Current><DateUtc dt:dt=""string"">2019-04-01T20:34:09Z</DateUtc></FrequencyChange></FrequencyChanges></Clock>\n",SPADE_Doors_052318-3846-1,75.031,1.0.0.283,725908,1,1678918960,Professional,2.0.10.356,2.0.10.356,4/1/19,4/1/19 20:34,16:34:09,2.0.10.252,1,0,417963,0,0,5000,422963,0,422963,6,417963,0,0,0,417859,422963,417957,0,RunWinLose,2,1,1,RunList,145426,t,145426,132564,20,2,0,,-4,310157,4,307261,2999,g,1030,308291,-5,307157,5,306662,599,0,0,310260,,0,0,600,-3,310757,0,310757,3,310260,600,0,100,,0,0,310157,fix+,310757,310257,1,lossfollowwin,Line.bmp,3200,3200,-3,314957,3,311860,0,,,,,,,,,,,,,,0,0,310860,,0,0,1000,-3,311757,0,311757,3,310860,1000,0,100,,0,0,310757,,311757,310857,1,,,,,,,,,,,,LoseProc,,,,20,1,20,,RunBlock2,RunWinLose,3,,loss
SPADE_Doors_052318,3846,1,"<?xml version=""1.0""?>\n<Clock xmlns:dt=""urn:schemas-microsoft-com:datatypes""><Description dt:dt=""string"">E-Prime Primary Realtime Clock</Description><StartTime><Timestamp dt:dt=""int"">0</Timestamp><DateUtc dt:dt=""string"">2019-04-01T20:34:09Z</DateUtc></StartTime><FrequencyChanges><FrequencyChange><Frequency dt:dt=""r8"">3410117</Frequency><Timestamp dt:dt=""r8"">83282638788</Timestamp><Current dt:dt=""r8"">0</Current><DateUtc dt:dt=""string"">2019-04-01T20:34:09Z</DateUtc></FrequencyChange></FrequencyChanges></Clock>\n",SPADE_Doors_052318-3846-1,75.031,1.0.0.283,725908,1,1678918960,Professional,2.0.10.356,2.0.10.356,4/1/19,4/1/19 20:34,16:34:09,2.0.10.252,1,0,417963,0,0,5000,422963,0,422963,6,417963,0,0,0,417859,422963,417957,0,RunWinLose,2,1,1,RunList,145426,t,145426,132564,21,2,0,,-1,318557,1,315658,2999,g,1161,316819,-1,315557,1,315058,600,0,0,318657,,0,0,600,0,319157,0,319157,0,318657,600,0,100,,0,0,318557,fix+,319157,318657,1,lossfollowloss,Line.bmp,5300,5300,-12,325457,12,320269,0,,,,,,,,,,,,,,0,0,319257,,0,0,1000,0,320157,0,320157,0,319257,1012,0,100,,0,0,319157,,320157,319257,1,,,,,,,,,,,,LoseProc,,,,21,1,21,,RunBlock2,RunWinLose,4,,loss
SPADE_Doors_052318,3846,1,"<?xml version=""1.0""?>\n<Clock xmlns:dt=""urn:schemas-microsoft-com:datatypes""><Description dt:dt=""string"">E-Prime Primary Realtime Clock</Description><StartTime><Timestamp dt:dt=""int"">0</Timestamp><DateUtc dt:dt=""string"">2019-04-01T20:34:09Z</DateUtc></StartTime><FrequencyChanges><FrequencyChange><Frequency dt:dt=""r8"">3410117</Frequency><Timestamp dt:dt=""r8"">83282638788</Timestamp><Current dt:dt=""r8"">0</Current><DateUtc dt:dt=""string"">2019-04-01T20:34:09Z</DateUtc></FrequencyChange></FrequencyChanges></Clock>\n",SPADE_Doors_052318-3846-1,75.031,1.0.0.283,725908,1,1678918960,Professional,2.0.10.356,2.0.10.356,4/1/19,4/1/19 20:34,16:34:09,2.0.10.252,1,0,417963,0,0,5000,422963,0,422963,6,417963,0,0,0,417859,422963,417957,0,RunWinLose,2,1,1,RunList,145426,t,145426,132564,22,2,0,,-3,329057,3,326160,2999,g,761,326921,-4,326057,4,325561,599,0,0,329159,,0,0,600,-2,329657,0,329657,2,329159,600,0,100,,0,0,329057,fix+,329657,329157,1,lossfollowloss,Line.bmp,5300,5300,-15,335957,15,330772,0,,,,,,,,,,,,,,0,0,329759,,0,0,1000,-2,330657,0,330657,2,329759,1013,0,100,,0,0,329657,,330657,329757,1,,,,,,,,,,,,LoseProc,,,,22,1,22,,RunBlock2,RunWinLose,5,,loss
SPADE_Doors_052318,3846,1,"<?xml version=""1.0""?>\n<Clock xmlns:dt=""urn:schemas-microsoft-com:datatypes""><Description dt:dt=""string"">E-Prime Primary Realtime Clock</Description><StartTime><Timestamp dt:dt=""int"">0</Timestamp><DateUtc dt:dt=""string"">2019-04-01T20:34:09Z</DateUtc></StartTime><FrequencyChanges><FrequencyChange><Frequency dt:dt=""r8"">3410117</Frequency><Timestamp dt:dt=""r8"">83282638788</Timestamp><Current dt:dt=""r8"">0</Current><DateUtc dt:dt=""string"">2019-04-01T20:34:09Z</DateUtc></FrequencyChange></FrequencyChanges></Clock>\n",SPADE_Doors_052318-3846-1,75.031,1.0.0.283,725908,1,1678918960,Professional,2.0.10.356,2.0.10.356,4/1/19,4/1/19 20:34,16:34:09,2.0.10.252,1,0,417963,0,0,5000,422963,0,422963,6,417963,0,0,0,417859,422963,417957,0,RunWinLose,2,1,1,RunList,145426,t,145426,132564,23,2,0,,-6,339557,6,336663,2999,b,364,337027,-6,336557,6,336063,600,0,0,339662,,0,0,600,-5,340157,0,340157,5,339662,599,0,100,,0,0,339557,fix+,340157,339657,1,winfollowloss,DownArrow.bmp,5300,5300,-17,346457,17,341274,0,,,,,,,,,,,,,,0,0,340261,,0,0,1000,-4,341157,0,341157,4,340261,1013,0,100,,0,0,340157,,341157,340257,1,,,,,,,,,,,,LoseProc,,,,23,1,23,,RunBlock2,RunWinLose,6,,win
SPADE_Doors_052318,3846,1,"<?xml version=""1.0""?>\n<Clock xmlns:dt=""urn:schemas-microsoft-com:datatypes""><Description dt:dt=""string"">E-Prime Primary Realtime Clock</Description><StartTime><Timestamp dt:dt=""int"">0</Timestamp><DateUtc dt:dt=""string"">2019-04-01T20:34:09Z</DateUtc></StartTime><FrequencyChanges><FrequencyChange><Frequency dt:dt=""r8"">3410117</Frequency><Timestamp dt:dt=""r8"">83282638788</Timestamp><Current dt:dt=""r8"">0</Current><DateUtc dt:dt=""string"">2019-04-01T20:34:09Z</DateUtc></FrequencyChange></FrequencyChanges></Clock>\n",SPADE_Doors_052318-3846-1,75.031,1.0.0.283,725908,1,1678918960,Professional,2.0.10.356,2.0.10.356,4/1/19,4/1/19 20:34,16:34:09,2.0.10.252,1,0,417963,0,0,5000,422963,0,422963,6,417963,0,0,0,417859,422963,417957,0,RunWinLose,2,1,1,RunList,145426,t,145426,132564,24,2,0,,-8,350057,8,347165,2999,g,553,347718,-9,347057,9,346566,599,0,0,350164,,0,0,600,-7,350657,0,350657,7,350164,600,0,100,,0,0,350057,fix+,350657,350157,1,winfollowwin,DownArrow.bmp,3200,3200,-20,354857,20,351777,0,,,,,,,,,,,,,,0,0,350764,,0,0,1000,-7,351657,0,351657,7,350764,1013,0,100,,0,0,350657,,351657,350757,1,,,,,,,,,,,,LoseProc,,,,24,1,24,,RunBlock2,RunWinLose,7,,win
SPADE_Doors_052318,3846,1,"<?xml version=""1.0""?>\n<Clock xmlns:dt=""urn:schemas-microsoft-com:datatypes""><Description dt:dt=""string"">E-Prime Primary Realtime Clock</Description><StartTime><Timestamp dt:dt=""int"">0</Timestamp><DateUtc dt:dt=""string"">2019-04-01T20:34:09Z</DateUtc></StartTime><FrequencyChanges><FrequencyChange><Frequency dt:dt=""r8"">3410117</Frequency><Timestamp dt:dt=""r8"">83282638788</Timestamp><Current dt:dt=""r8"">0</Current><DateUtc dt:dt=""string"">2019-04-01T20:34:09Z</DateUtc></FrequencyChange></FrequencyChanges></Clock>\n",SPADE_Doors_052318-3846-1,75.031,1.0.0.283,725908,1,1678918960,Professional,2.0.10.356,2.0.10.356,4/1/19,4/1/19 20:34,16:34:09,2.0.10.252,1,0,417963,0,0,5000,422963,0,422963,6,417963,0,0,0,417859,422963,417957,0,RunWinLose,2,1,1,RunList,145426,t,145426,132564,25,2,0,,-5,358457,5,355562,2999,b,530,356092,-5,355457,5,354962,600,0,0,358561,,0,0,600,-4,359057,0,359057,4,358561,599,0,100,,0,0,358457,fix+,359057,358557,1,lossfollowwin,Line.bmp,1100,1100,-3,361157,3,360160,0,,,,,,,,,,,,,,0,0,359160,,0,0,1000,-3,360057,0,360057,3,359160,1000,0,100,,0,0,359057,,360057,359157,1,,,,,,,,,,,,LoseProc,,,,25,1,25,,RunBlock2,RunWinLose,8,,loss
SPADE_Doors_052318,3846,1,"<?xml version=""1.0""?>\n<Clock xmlns:dt=""urn:schemas-microsoft-com:datatypes""><Description dt:dt=""string"">E-Prime Primary Realtime Clock</Description><StartTime><Timestamp dt:dt=""int"">0</Timestamp><DateUtc dt:dt=""string"">2019-04-01T20:34:09Z</DateUtc></StartTime><FrequencyChanges><FrequencyChange><Frequency dt:dt=""r8"">3410117</Frequency><Timestamp dt:dt=""r8"">83282638788</Timestamp><Current dt:dt=""r8"">0</Current><DateUtc dt:dt=""string"">2019-04-01T20:34:09Z</DateUtc></FrequencyChange></FrequencyChanges></Clock>\n",SPADE_Doors_052318-3846-1,75.031,1.0.0.283,725908,1,1678918960,Professional,2.0.10.356,2.0.10.356,4/1/19,4/1/19 20:34,16:34:09,2.0.10.252,1,0,417963,0,0,5000,422963,0,422963,6,417963,0,0,0,417859,422963,417957,0,RunWinLose,2,1,1,RunList,145426,t,145426,132564,26,2,0,,-9,364757,9,361866,2999,g,489,362355,-9,361757,9,361266,600,0,0,364865,,0,0,600,-8,365357,0,365357,8,364865,600,0,100,,0,0,364757,fix+,365357,364857,1,winfollowloss,DownArrow.bmp,1100,1100,-7,367457,7,366464,0,,,,,,,,,,,,,,0,0,365465,,0,0,1000,-8,366357,0,366357,8,365465,999,0,100,,0,0,365357,,366357,365457,1,,,,,,,,,,,,LoseProc,,,,26,1,26,,RunBlock2,RunWinLose,9,,win
SPADE_Doors_052318,3846,1,"<?xml version=""1.0""?>\n<Clock xmlns:dt=""urn:schemas-microsoft-com:datatypes""><Description dt:dt=""string"">E-Prime Primary Realtime Clock</Description><StartTime><Timestamp dt:dt=""int"">0</Timestamp><DateUtc dt:dt=""string"">2019-04-01T20:34:09Z</DateUtc></StartTime><FrequencyChanges><FrequencyChange><Frequency dt:dt=""r8"">3410117</Frequency><Timestamp dt:dt=""r8"">83282638788</Timestamp><Current dt:dt=""r8"">0</Current><DateUtc dt:dt=""string"">2019-04-01T20:34:09Z</DateUtc></FrequencyChange></FrequencyChanges></Clock>\n",SPADE_Doors_052318-3846-1,75.031,1.0.0.283,725908,1,1678918960,Professional,2.0.10.356,2.0.10.356,4/1/19,4/1/19 20:34,16:34:09,2.0.10.252,1,0,417963,0,0,5000,422963,0,422963,6,417963,0,0,0,417859,422963,417957,0,RunWinLose,2,1,1,RunList,145426,t,145426,132564,27,2,0,,0,371057,0,368157,3012,g,855,369012,0,368057,0,367557,600,0,0,371169,,0,0,600,-12,371657,0,371657,12,371169,600,0,100,,0,0,371057,fix+,371657,371157,1,winfollowwin,DownArrow.bmp,5300,5300,-25,377957,25,372782,0,,,,,,,,,,,,,,0,0,371769,,0,0,1000,-12,372657,0,372657,12,371769,1013,0,100,,0,0,371657,,372657,371757,1,,,,,,,,,,,,LoseProc,,,,27,1,27,,RunBlock2,RunWinLose,10,,win
SPADE_Doors_052318,3846,1,"<?xml version=""1.0""?>\n<Clock xmlns:dt=""urn:schemas-microsoft-com:datatypes""><Description dt:dt=""string"">E-Prime Primary Realtime Clock</Description><StartTime><Timestamp dt:dt=""int"">0</Timestamp><DateUtc dt:dt=""string"">2019-04-01T20:34:09Z</DateUtc></StartTime><FrequencyChanges><FrequencyChange><Frequency dt:dt=""r8"">3410117</Frequency><Timestamp dt:dt=""r8"">83282638788</Timestamp><Current dt:dt=""r8"">0</Current><DateUtc dt:dt=""string"">2019-04-01T20:34:09Z</DateUtc></FrequencyChange></FrequencyChanges></Clock>\n",SPADE_Doors_052318-3846-1,75.031,1.0.0.283,725908,1,1678918960,Professional,2.0.10.356,2.0.10.356,4/1/19,4/1/19 20:34,16:34:09,2.0.10.252,1,0,417963,0,0,5000,422963,0,422963,6,417963,0,0,0,417859,422963,417957,0,RunWinLose,2,1,1,RunList,145426,t,145426,132564,28,2,0,,-2,381557,2,378659,2999,b,553,379212,-3,378557,3,378060,599,0,0,381658,,0,0,600,-1,382157,0,382157,1,381658,600,0,100,,0,0,381557,fix+,382157,381657,1,winfollowwin,DownArrow.bmp,5300,5300,-14,388457,14,383271,0,,,,,,,,,,,,,,0,0,382258,,0,0,1000,-1,383157,0,383157,1,382258,1013,0,100,,0,0,382157,,383157,382257,1,,,,,,,,,,,,LoseProc,,,,28,1,28,,RunBlock2,RunWinLose,11,,win
SPADE_Doors_052318,3846,1,"<?xml version=""1.0""?>\n<Clock xmlns:dt=""urn:schemas-microsoft-com:datatypes""><Description dt:dt=""string"">E-Prime Primary Realtime Clock</Description><StartTime><Timestamp dt:dt=""int"">0</Timestamp><DateUtc dt:dt=""string"">2019-04-01T20:34:09Z</DateUtc></StartTime><FrequencyChanges><FrequencyChange><Frequency dt:dt=""r8"">3410117</Frequency><Timestamp dt:dt=""r8"">83282638788</Timestamp><Current dt:dt=""r8"">0</Current><DateUtc dt:dt=""string"">2019-04-01T20:34:09Z</DateUtc></FrequencyChange></FrequencyChanges></Clock>\n",SPADE_Doors_052318-3846-1,75.031,1.0.0.283,725908,1,1678918960,Professional,2.0.10.356,2.0.10.356,4/1/19,4/1/19 20:34,16:34:09,2.0.10.252,1,0,417963,0,0,5000,422963,0,422963,6,417963,0,0,0,417859,422963,417957,0,RunWinLose,2,1,1,RunList,145426,t,145426,132564,29,2,0,,-5,392057,5,389162,2998,g,586,389748,-5,389057,5,388562,600,0,1,392161,,0,0,600,-3,392657,0,392657,3,392160,600,0,100,,0,0,392057,fix+,392657,392157,1,lossfollowwin,Line.bmp,3200,3200,-3,396857,3,393760,0,,,,,,,,,,,,,,0,0,392760,,0,0,1000,-3,393657,0,393657,3,392760,1000,0,100,,0,0,392657,,393657,392757,1,,,,,,,,,,,,LoseProc,,,,29,1,29,,RunBlock2,RunWinLose,12,,loss
SPADE_Doors_052318,3846,1,"<?xml version=""1.0""?>\n<Clock xmlns:dt=""urn:schemas-microsoft-com:datatypes""><Description dt:dt=""string"">E-Prime Primary Realtime Clock</Description><StartTime><Timestamp dt:dt=""int"">0</Timestamp><DateUtc dt:dt=""string"">2019-04-01T20:34:09Z</DateUtc></StartTime><FrequencyChanges><FrequencyChange><Frequency dt:dt=""r8"">3410117</Frequency><Timestamp dt:dt=""r8"">83282638788</Timestamp><Current dt:dt=""r8"">0</Current><DateUtc dt:dt=""string"">2019-04-01T20:34:09Z</DateUtc></FrequencyChange></FrequencyChanges></Clock>\n",SPADE_Doors_052318-3846-1,75.031,1.0.0.283,725908,1,1678918960,Professional,2.0.10.356,2.0.10.356,4/1/19,4/1/19 20:34,16:34:09,2.0.10.252,1,0,417963,0,0,5000,422963,0,422963,6,417963,0,0,0,417859,422963,417957,0,RunWinLose,2,1,1,RunList,145426,t,145426,132564,30,2,0,,-1,400457,1,397558,2999,g,1022,398580,-2,397457,2,396959,599,0,0,400557,,0,0,600,0,401057,0,401057,0,400557,600,0,100,,0,0,400457,fix+,401057,400557,1,winfollowloss,DownArrow.bmp,1100,1100,-13,403157,13,402170,0,,,,,,,,,,,,,,0,0,401157,,0,0,1000,0,402057,0,402057,0,401157,1013,0,100,,0,0,401057,,402057,401157,1,,,,,,,,,,,,LoseProc,,,,30,1,30,,RunBlock2,RunWinLose,13,,win
SPADE_Doors_052318,3846,1,"<?xml version=""1.0""?>\n<Clock xmlns:dt=""urn:schemas-microsoft-com:datatypes""><Description dt:dt=""string"">E-Prime Primary Realtime Clock</Description><StartTime><Timestamp dt:dt=""int"">0</Timestamp><DateUtc dt:dt=""string"">2019-04-01T20:34:09Z</DateUtc></StartTime><FrequencyChanges><FrequencyChange><Frequency dt:dt=""r8"">3410117</Frequency><Timestamp dt:dt=""r8"">83282638788</Timestamp><Current dt:dt=""r8"">0</Current><DateUtc dt:dt=""string"">2019-04-01T20:34:09Z</DateUtc></FrequencyChange></FrequencyChanges></Clock>\n",SPADE_Doors_052318-3846-1,75.031,1.0.0.283,725908,1,1678918960,Professional,2.0.10.356,2.0.10.356,4/1/19,4/1/19 20:34,16:34:09,2.0.10.252,1,0,417963,0,0,5000,422963,0,422963,6,417963,0,0,0,417859,422963,417957,0,RunWinLose,2,1,1,RunList,145426,t,145426,132564,31,2,0,,-5,406757,5,403862,2999,g,973,404835,-6,403757,6,403263,599,0,0,406861,,0,0,600,-4,407357,0,407357,4,406861,600,0,100,,0,0,406757,fix+,407357,406857,1,lossfollowwin,Line.bmp,3200,3200,-4,411557,4,408461,0,,,,,,,,,,,,,,0,0,407461,,0,0,1000,-4,408357,0,408357,4,407461,1000,0,100,,0,0,407357,,408357,407457,1,,,,,,,,,,,,LoseProc,,,,31,1,31,,RunBlock2,RunWinLose,14,,loss
SPADE_Doors_052318,3846,1,"<?xml version=""1.0""?>\n<Clock xmlns:dt=""urn:schemas-microsoft-com:datatypes""><Description dt:dt=""string"">E-Prime Primary Realtime Clock</Description><StartTime><Timestamp dt:dt=""int"">0</Timestamp><DateUtc dt:dt=""string"">2019-04-01T20:34:09Z</DateUtc></StartTime><FrequencyChanges><FrequencyChange><Frequency dt:dt=""r8"">3410117</Frequency><Timestamp dt:dt=""r8"">83282638788</Timestamp><Current dt:dt=""r8"">0</Current><DateUtc dt:dt=""string"">2019-04-01T20:34:09Z</DateUtc></FrequencyChange></FrequencyChanges></Clock>\n",SPADE_Doors_052318-3846-1,75.031,1.0.0.283,725908,1,1678918960,Professional,2.0.10.356,2.0.10.356,4/1/19,4/1/19 20:34,16:34:09,2.0.10.252,1,0,417963,0,0,5000,422963,0,422963,6,417963,0,0,0,417859,422963,417957,0,RunWinLose,2,1,1,RunList,145426,t,145426,132564,32,2,0,,-2,415157,2,412259,2999,b,366,412625,-2,412157,2,411659,600,0,0,415258,,0,0,600,-1,415757,0,415757,1,415258,600,0,100,,0,0,415157,fix+,415757,415257,1,lossfollowloss,Line.bmp,1100,1100,-14,417857,14,416871,0,,,,,,,,,,,,,,0,0,415858,,0,0,1000,-1,416757,0,416757,1,415858,1013,0,100,,0,0,415757,,416757,415857,1,,,,,,,,,,,,LoseProc,,,,32,1,32,,RunBlock2,RunWinLose,15,,loss
SPADE_Doors_052318,3846,1,"<?xml version=""1.0""?>\n<Clock xmlns:dt=""urn:schemas-microsoft-com:datatypes""><Description dt:dt=""string"">E-Prime Primary Realtime Clock</Description><StartTime><Timestamp dt:dt=""int"">0</Timestamp><DateUtc dt:dt=""string"">2019-04-01T20:34:09Z</DateUtc></StartTime><FrequencyChanges><FrequencyChange><Frequency dt:dt=""r8"">3410117</Frequency><Timestamp dt:dt=""r8"">83282638788</Timestamp><Current dt:dt=""r8"">0</Current><DateUtc dt:dt=""string"">2019-04-01T20:34:09Z</DateUtc></FrequencyChange></FrequencyChanges></Clock>\n",SPADE_Doors_052318-3846-1,75.031,1.0.0.283,725908,1,1678918960,Professional,2.0.10.356,2.0.10.356,4/1/19,4/1/19 20:34,16:34:09,2.0.10.252,2,0,715883,0,0,5000,720883,0,720883,6,715883,0,0,0,715779,720883,715877,0,RunLoseWin,1,1,2,RunList,443348,t,443348,422964,1,1,,,,,,,,,,,,,,,,,,,,,,,,,,,,,,,,,,,,,,,,,,,,,,,,,1,443367,0,0,5000,443367,1,443367,18,443366,0,t,2082,,,,,,,,,,,,,,,,,,,,,,,,,,,,,,,,,,,,LoseInstructionProc,1,1,1,,,,RunLoseWin,RunBlock1,,,,
SPADE_Doors_052318,3846,1,"<?xml version=""1.0""?>\n<Clock xmlns:dt=""urn:schemas-microsoft-com:datatypes""><Description dt:dt=""string"">E-Prime Primary Realtime Clock</Description><StartTime><Timestamp dt:dt=""int"">0</Timestamp><DateUtc dt:dt=""string"">2019-04-01T20:34:09Z</DateUtc></StartTime><FrequencyChanges><FrequencyChange><Frequency dt:dt=""r8"">3410117</Frequency><Timestamp dt:dt=""r8"">83282638788</Timestamp><Current dt:dt=""r8"">0</Current><DateUtc dt:dt=""string"">2019-04-01T20:34:09Z</DateUtc></FrequencyChange></FrequencyChanges></Clock>\n",SPADE_Doors_052318-3846-1,75.031,1.0.0.283,725908,1,1678918960,Professional,2.0.10.356,2.0.10.356,4/1/19,4/1/19 20:34,16:34:09,2.0.10.252,2,0,715883,0,0,5000,720883,0,720883,6,715883,0,0,0,715779,720883,715877,0,RunLoseWin,1,1,2,RunList,443348,t,443348,422964,2,1,0,,-12,451866,12,448978,2998,g,593,449571,-12,448866,12,448378,600,0,0,451976,,0,0,600,-10,452466,0,452466,10,451976,600,0,100,,0,0,451866,fix+,452466,451966,1,blockstart,DownArrow.bmp,3200,3200,-23,456666,23,453589,0,,,,,,,,,,,,,,0,0,452576,,0,0,1000,-10,453466,0,453466,10,452576,1013,0,100,,0,0,452466,,453466,452566,1,,,,,,,,,,,,LoseProc,2,1,2,,,,RunLoseWin,RunBlock1,,16,,win
SPADE_Doors_052318,3846,1,"<?xml version=""1.0""?>\n<Clock xmlns:dt=""urn:schemas-microsoft-com:datatypes""><Description dt:dt=""string"">E-Prime Primary Realtime Clock</Description><StartTime><Timestamp dt:dt=""int"">0</Timestamp><DateUtc dt:dt=""string"">2019-04-01T20:34:09Z</DateUtc></StartTime><FrequencyChanges><FrequencyChange><Frequency dt:dt=""r8"">3410117</Frequency><Timestamp dt:dt=""r8"">83282638788</Timestamp><Current dt:dt=""r8"">0</Current><DateUtc dt:dt=""string"">2019-04-01T20:34:09Z</DateUtc></FrequencyChange></FrequencyChanges></Clock>\n",SPADE_Doors_052318-3846-1,75.031,1.0.0.283,725908,1,1678918960,Professional,2.0.10.356,2.0.10.356,4/1/19,4/1/19 20:34,16:34:09,2.0.10.252,2,0,715883,0,0,5000,720883,0,720883,6,715883,0,0,0,715779,720883,715877,0,RunLoseWin,1,1,2,RunList,443348,t,443348,422964,3,1,0,,-8,460266,8,457374,2999,g,1051,458425,-8,457266,8,456774,600,0,0,460373,,0,0,600,-7,460866,0,460866,7,460373,613,0,100,,0,0,460266,fix+,460866,460366,1,lossfollowwin,Line.bmp,3200,3200,-20,465066,20,461986,0,,,,,,,,,,,,,,0,0,460986,,0,0,1000,-20,461866,0,461866,20,460986,1000,0,100,,0,0,460866,,461866,460966,1,,,,,,,,,,,,LoseProc,3,1,3,,,,RunLoseWin,RunBlock1,,17,,loss
SPADE_Doors_052318,3846,1,"<?xml version=""1.0""?>\n<Clock xmlns:dt=""urn:schemas-microsoft-com:datatypes""><Description dt:dt=""string"">E-Prime Primary Realtime Clock</Description><StartTime><Timestamp dt:dt=""int"">0</Timestamp><DateUtc dt:dt=""string"">2019-04-01T20:34:09Z</DateUtc></StartTime><FrequencyChanges><FrequencyChange><Frequency dt:dt=""r8"">3410117</Frequency><Timestamp dt:dt=""r8"">83282638788</Timestamp><Current dt:dt=""r8"">0</Current><DateUtc dt:dt=""string"">2019-04-01T20:34:09Z</DateUtc></FrequencyChange></FrequencyChanges></Clock>\n",SPADE_Doors_052318-3846-1,75.031,1.0.0.283,725908,1,1678918960,Professional,2.0.10.356,2.0.10.356,4/1/19,4/1/19 20:34,16:34:09,2.0.10.252,2,0,715883,0,0,5000,720883,0,720883,6,715883,0,0,0,715779,720883,715877,0,RunLoseWin,1,1,2,RunList,443348,t,443348,422964,4,1,0,,-5,468666,5,465771,2999,b,319,466090,-5,465666,5,465171,600,0,0,468770,,0,0,600,-4,469266,0,469266,4,468770,599,0,100,,0,0,468666,fix+,469266,468766,1,winfollowloss,DownArrow.bmp,3200,3200,-16,473466,16,470382,0,,,,,,,,,,,,,,0,0,469369,,0,0,1000,-3,470266,0,470266,3,469369,1013,0,100,,0,0,469266,,470266,469366,1,,,,,,,,,,,,LoseProc,4,1,4,,,,RunLoseWin,RunBlock1,,18,,win
SPADE_Doors_052318,3846,1,"<?xml version=""1.0""?>\n<Clock xmlns:dt=""urn:schemas-microsoft-com:datatypes""><Description dt:dt=""string"">E-Prime Primary Realtime Clock</Description><StartTime><Timestamp dt:dt=""int"">0</Timestamp><DateUtc dt:dt=""string"">2019-04-01T20:34:09Z</DateUtc></StartTime><FrequencyChanges><FrequencyChange><Frequency dt:dt=""r8"">3410117</Frequency><Timestamp dt:dt=""r8"">83282638788</Timestamp><Current dt:dt=""r8"">0</Current><DateUtc dt:dt=""string"">2019-04-01T20:34:09Z</DateUtc></FrequencyChange></FrequencyChanges></Clock>\n",SPADE_Doors_052318-3846-1,75.031,1.0.0.283,725908,1,1678918960,Professional,2.0.10.356,2.0.10.356,4/1/19,4/1/19 20:34,16:34:09,2.0.10.252,2,0,715883,0,0,5000,720883,0,720883,6,715883,0,0,0,715779,720883,715877,0,RunLoseWin,1,1,2,RunList,443348,t,443348,422964,5,1,0,,-1,477066,1,474167,2999,g,1201,475368,-2,474066,2,473568,599,0,0,477166,,0,0,600,0,477666,0,477666,0,477166,600,0,100,,0,0,477066,fix+,477666,477166,1,winfollowwin,DownArrow.bmp,11600,11600,-13,490266,13,478779,0,,,,,,,,,,,,,,0,0,477766,,0,0,1000,0,478666,0,478666,0,477766,1013,0,100,,0,0,477666,,478666,477766,1,,,,,,,,,,,,LoseProc,5,1,5,,,,RunLoseWin,RunBlock1,,19,,win
SPADE_Doors_052318,3846,1,"<?xml version=""1.0""?>\n<Clock xmlns:dt=""urn:schemas-microsoft-com:datatypes""><Description dt:dt=""string"">E-Prime Primary Realtime Clock</Description><StartTime><Timestamp dt:dt=""int"">0</Timestamp><DateUtc dt:dt=""string"">2019-04-01T20:34:09Z</DateUtc></StartTime><FrequencyChanges><FrequencyChange><Frequency dt:dt=""r8"">3410117</Frequency><Timestamp dt:dt=""r8"">83282638788</Timestamp><Current dt:dt=""r8"">0</Current><DateUtc dt:dt=""string"">2019-04-01T20:34:09Z</DateUtc></FrequencyChange></FrequencyChanges></Clock>\n",SPADE_Doors_052318-3846-1,75.031,1.0.0.283,725908,1,1678918960,Professional,2.0.10.356,2.0.10.356,4/1/19,4/1/19 20:34,16:34:09,2.0.10.252,2,0,715883,0,0,5000,720883,0,720883,6,715883,0,0,0,715779,720883,715877,0,RunLoseWin,1,1,2,RunList,443348,t,443348,422964,6,1,0,,-8,493866,8,490974,2999,g,391,491365,-8,490866,8,490374,600,0,0,493973,,0,0,600,-7,494466,0,494466,7,493973,600,0,100,,0,0,493866,fix+,494466,493966,1,winfollowwin,DownArrow.bmp,5300,5300,-19,500766,19,495585,0,,,,,,,,,,,,,,0,0,494573,,0,0,1000,-7,495466,0,495466,7,494573,1012,0,100,,0,0,494466,,495466,494566,1,,,,,,,,,,,,LoseProc,6,1,6,,,,RunLoseWin,RunBlock1,,20,,win
SPADE_Doors_052318,3846,1,"<?xml version=""1.0""?>\n<Clock xmlns:dt=""urn:schemas-microsoft-com:datatypes""><Description dt:dt=""string"">E-Prime Primary Realtime Clock</Description><StartTime><Timestamp dt:dt=""int"">0</Timestamp><DateUtc dt:dt=""string"">2019-04-01T20:34:09Z</DateUtc></StartTime><FrequencyChanges><FrequencyChange><Frequency dt:dt=""r8"">3410117</Frequency><Timestamp dt:dt=""r8"">83282638788</Timestamp><Current dt:dt=""r8"">0</Current><DateUtc dt:dt=""string"">2019-04-01T20:34:09Z</DateUtc></FrequencyChange></FrequencyChanges></Clock>\n",SPADE_Doors_052318-3846-1,75.031,1.0.0.283,725908,1,1678918960,Professional,2.0.10.356,2.0.10.356,4/1/19,4/1/19 20:34,16:34:09,2.0.10.252,2,0,715883,0,0,5000,720883,0,720883,6,715883,0,0,0,715779,720883,715877,0,RunLoseWin,1,1,2,RunList,443348,t,443348,422964,7,1,0,,-10,504366,10,501476,2999,b,873,502349,-11,501366,11,500877,599,0,0,504475,,0,0,600,-9,504966,0,504966,9,504475,600,0,100,,0,0,504366,fix+,504966,504466,1,winfollowwin,DownArrow.bmp,5300,5300,-9,511266,9,506075,0,,,,,,,,,,,,,,0,0,505075,,0,0,1000,-9,505966,0,505966,9,505075,1000,0,100,,0,0,504966,,505966,505066,1,,,,,,,,,,,,LoseProc,7,1,7,,,,RunLoseWin,RunBlock1,,21,,win
SPADE_Doors_052318,3846,1,"<?xml version=""1.0""?>\n<Clock xmlns:dt=""urn:schemas-microsoft-com:datatypes""><Description dt:dt=""string"">E-Prime Primary Realtime Clock</Description><StartTime><Timestamp dt:dt=""int"">0</Timestamp><DateUtc dt:dt=""string"">2019-04-01T20:34:09Z</DateUtc></StartTime><FrequencyChanges><FrequencyChange><Frequency dt:dt=""r8"">3410117</Frequency><Timestamp dt:dt=""r8"">83282638788</Timestamp><Current dt:dt=""r8"">0</Current><DateUtc dt:dt=""string"">2019-04-01T20:34:09Z</DateUtc></FrequencyChange></FrequencyChanges></Clock>\n",SPADE_Doors_052318-3846-1,75.031,1.0.0.283,725908,1,1678918960,Professional,2.0.10.356,2.0.10.356,4/1/19,4/1/19 20:34,16:34:09,2.0.10.252,2,0,715883,0,0,5000,720883,0,720883,6,715883,0,0,0,715779,720883,715877,0,RunLoseWin,1,1,2,RunList,443348,t,443348,422964,8,1,0,,-13,514866,13,511979,2999,g,1410,513389,0,511866,0,511366,613,0,0,514978,,0,0,600,-12,515466,0,515466,12,514978,599,0,100,,0,0,514866,fix+,515466,514966,1,lossfollowwin,Line.bmp,3200,3200,-11,519666,11,516577,0,,,,,,,,,,,,,,0,0,515577,,0,0,1000,-11,516466,0,516466,11,515577,1000,0,100,,0,0,515466,,516466,515566,1,,,,,,,,,,,,LoseProc,8,1,8,,,,RunLoseWin,RunBlock1,,22,,loss
SPADE_Doors_052318,3846,1,"<?xml version=""1.0""?>\n<Clock xmlns:dt=""urn:schemas-microsoft-com:datatypes""><Description dt:dt=""string"">E-Prime Primary Realtime Clock</Description><StartTime><Timestamp dt:dt=""int"">0</Timestamp><DateUtc dt:dt=""string"">2019-04-01T20:34:09Z</DateUtc></StartTime><FrequencyChanges><FrequencyChange><Frequency dt:dt=""r8"">3410117</Frequency><Timestamp dt:dt=""r8"">83282638788</Timestamp><Current dt:dt=""r8"">0</Current><DateUtc dt:dt=""string"">2019-04-01T20:34:09Z</DateUtc></FrequencyChange></FrequencyChanges></Clock>\n",SPADE_Doors_052318-3846-1,75.031,1.0.0.283,725908,1,1678918960,Professional,2.0.10.356,2.0.10.356,4/1/19,4/1/19 20:34,16:34:09,2.0.10.252,2,0,715883,0,0,5000,720883,0,720883,6,715883,0,0,0,715779,720883,715877,0,RunLoseWin,1,1,2,RunList,443348,t,443348,422964,9,1,0,,-9,523266,9,520375,2999,b,410,520785,-10,520266,10,519776,599,0,0,523374,,0,0,600,-8,523866,0,523866,8,523374,600,0,100,,0,0,523266,fix+,523866,523366,1,lossfollowloss,Line.bmp,1100,1100,-21,525966,21,524987,0,,,,,,,,,,,,,,0,0,523974,,0,0,1000,-8,524866,0,524866,8,523974,1013,0,100,,0,0,523866,,524866,523966,1,,,,,,,,,,,,LoseProc,9,1,9,,,,RunLoseWin,RunBlock1,,23,,loss
SPADE_Doors_052318,3846,1,"<?xml version=""1.0""?>\n<Clock xmlns:dt=""urn:schemas-microsoft-com:datatypes""><Description dt:dt=""string"">E-Prime Primary Realtime Clock</Description><StartTime><Timestamp dt:dt=""int"">0</Timestamp><DateUtc dt:dt=""string"">2019-04-01T20:34:09Z</DateUtc></StartTime><FrequencyChanges><FrequencyChange><Frequency dt:dt=""r8"">3410117</Frequency><Timestamp dt:dt=""r8"">83282638788</Timestamp><Current dt:dt=""r8"">0</Current><DateUtc dt:dt=""string"">2019-04-01T20:34:09Z</DateUtc></FrequencyChange></FrequencyChanges></Clock>\n",SPADE_Doors_052318-3846-1,75.031,1.0.0.283,725908,1,1678918960,Professional,2.0.10.356,2.0.10.356,4/1/19,4/1/19 20:34,16:34:09,2.0.10.252,2,0,715883,0,0,5000,720883,0,720883,6,715883,0,0,0,715779,720883,715877,0,RunLoseWin,1,1,2,RunList,443348,t,443348,422964,10,1,0,,0,529566,0,526666,3012,g,557,527223,0,526566,0,526066,600,0,0,529678,,0,0,600,-12,530166,0,530166,12,529678,600,0,100,,0,0,529566,fix+,530166,529666,1,winfollowloss,DownArrow.bmp,1100,1100,-25,532266,25,531291,0,,,,,,,,,,,,,,0,0,530278,,0,0,1000,-12,531166,0,531166,12,530278,1013,0,100,,0,0,530166,,531166,530266,1,,,,,,,,,,,,LoseProc,10,1,10,,,,RunLoseWin,RunBlock1,,24,,win
SPADE_Doors_052318,3846,1,"<?xml version=""1.0""?>\n<Clock xmlns:dt=""urn:schemas-microsoft-com:datatypes""><Description dt:dt=""string"">E-Prime Primary Realtime Clock</Description><StartTime><Timestamp dt:dt=""int"">0</Timestamp><DateUtc dt:dt=""string"">2019-04-01T20:34:09Z</DateUtc></StartTime><FrequencyChanges><FrequencyChange><Frequency dt:dt=""r8"">3410117</Frequency><Timestamp dt:dt=""r8"">83282638788</Timestamp><Current dt:dt=""r8"">0</Current><DateUtc dt:dt=""string"">2019-04-01T20:34:09Z</DateUtc></FrequencyChange></FrequencyChanges></Clock>\n",SPADE_Doors_052318-3846-1,75.031,1.0.0.283,725908,1,1678918960,Professional,2.0.10.356,2.0.10.356,4/1/19,4/1/19 20:34,16:34:09,2.0.10.252,2,0,715883,0,0,5000,720883,0,720883,6,715883,0,0,0,715779,720883,715877,0,RunLoseWin,1,1,2,RunList,443348,t,443348,422964,11,1,0,,-4,535866,4,532970,2999,g,749,533719,-5,532866,5,532371,599,0,0,535969,,0,0,600,-3,536466,0,536466,3,535969,600,0,100,,0,0,535866,fix+,536466,535966,1,lossfollowwin,Line.bmp,5300,5300,-16,542766,16,537582,0,,,,,,,,,,,,,,0,0,536569,,0,0,1000,-3,537466,0,537466,3,536569,1013,0,100,,0,0,536466,,537466,536566,1,,,,,,,,,,,,LoseProc,11,1,11,,,,RunLoseWin,RunBlock1,,25,,loss
SPADE_Doors_052318,3846,1,"<?xml version=""1.0""?>\n<Clock xmlns:dt=""urn:schemas-microsoft-com:datatypes""><Description dt:dt=""string"">E-Prime Primary Realtime Clock</Description><StartTime><Timestamp dt:dt=""int"">0</Timestamp><DateUtc dt:dt=""string"">2019-04-01T20:34:09Z</DateUtc></StartTime><FrequencyChanges><FrequencyChange><Frequency dt:dt=""r8"">3410117</Frequency><Timestamp dt:dt=""r8"">83282638788</Timestamp><Current dt:dt=""r8"">0</Current><DateUtc dt:dt=""string"">2019-04-01T20:34:09Z</DateUtc></FrequencyChange></FrequencyChanges></Clock>\n",SPADE_Doors_052318-3846-1,75.031,1.0.0.283,725908,1,1678918960,Professional,2.0.10.356,2.0.10.356,4/1/19,4/1/19 20:34,16:34:09,2.0.10.252,2,0,715883,0,0,5000,720883,0,720883,6,715883,0,0,0,715779,720883,715877,0,RunLoseWin,1,1,2,RunList,443348,t,443348,422964,12,1,0,,-7,546366,7,543473,2999,b,555,544028,-7,543366,7,542873,600,0,0,546472,,0,0,600,-6,546966,0,546966,6,546472,599,0,100,,0,0,546366,fix+,546966,546466,1,lossfollowloss,Line.bmp,5300,5300,-18,553266,18,548084,0,,,,,,,,,,,,,,0,0,547071,,0,0,1000,-5,547966,0,547966,5,547071,1013,0,100,,0,0,546966,,547966,547066,1,,,,,,,,,,,,LoseProc,12,1,12,,,,RunLoseWin,RunBlock1,,26,,loss
SPADE_Doors_052318,3846,1,"<?xml version=""1.0""?>\n<Clock xmlns:dt=""urn:schemas-microsoft-com:datatypes""><Description dt:dt=""string"">E-Prime Primary Realtime Clock</Description><StartTime><Timestamp dt:dt=""int"">0</Timestamp><DateUtc dt:dt=""string"">2019-04-01T20:34:09Z</DateUtc></StartTime><FrequencyChanges><FrequencyChange><Frequency dt:dt=""r8"">3410117</Frequency><Timestamp dt:dt=""r8"">83282638788</Timestamp><Current dt:dt=""r8"">0</Current><DateUtc dt:dt=""string"">2019-04-01T20:34:09Z</DateUtc></FrequencyChange></FrequencyChanges></Clock>\n",SPADE_Doors_052318-3846-1,75.031,1.0.0.283,725908,1,1678918960,Professional,2.0.10.356,2.0.10.356,4/1/19,4/1/19 20:34,16:34:09,2.0.10.252,2,0,715883,0,0,5000,720883,0,720883,6,715883,0,0,0,715779,720883,715877,0,RunLoseWin,1,1,2,RunList,443348,t,443348,422964,13,1,0,,-9,556866,9,553975,2999,b,498,554473,-9,553866,9,553375,600,0,0,556974,,0,0,600,-8,557466,0,557466,8,556974,600,0,100,,0,0,556866,fix+,557466,556966,1,lossfollowloss,Line.bmp,3200,3200,-7,561666,7,558573,0,,,,,,,,,,,,,,0,0,557574,,0,0,1000,-8,558466,0,558466,8,557574,999,0,100,,0,0,557466,,558466,557566,1,,,,,,,,,,,,LoseProc,13,1,13,,,,RunLoseWin,RunBlock1,,27,,loss
SPADE_Doors_052318,3846,1,"<?xml version=""1.0""?>\n<Clock xmlns:dt=""urn:schemas-microsoft-com:datatypes""><Description dt:dt=""string"">E-Prime Primary Realtime Clock</Description><StartTime><Timestamp dt:dt=""int"">0</Timestamp><DateUtc dt:dt=""string"">2019-04-01T20:34:09Z</DateUtc></StartTime><FrequencyChanges><FrequencyChange><Frequency dt:dt=""r8"">3410117</Frequency><Timestamp dt:dt=""r8"">83282638788</Timestamp><Current dt:dt=""r8"">0</Current><DateUtc dt:dt=""string"">2019-04-01T20:34:09Z</DateUtc></FrequencyChange></FrequencyChanges></Clock>\n",SPADE_Doors_052318-3846-1,75.031,1.0.0.283,725908,1,1678918960,Professional,2.0.10.356,2.0.10.356,4/1/19,4/1/19 20:34,16:34:09,2.0.10.252,2,0,715883,0,0,5000,720883,0,720883,6,715883,0,0,0,715779,720883,715877,0,RunLoseWin,1,1,2,RunList,443348,t,443348,422964,14,1,0,,-6,565266,6,562372,2999,g,137,562509,-6,562266,6,561772,600,0,0,565371,,0,0,600,-5,565866,0,565866,5,565371,599,0,100,,0,0,565266,fix+,565866,565366,1,lossfollowloss,Line.bmp,1100,1100,-17,567966,17,566983,0,,,,,,,,,,,,,,0,0,565970,,0,0,1000,-4,566866,0,566866,4,565970,1013,0,100,,0,0,565866,,566866,565966,1,,,,,,,,,,,,LoseProc,14,1,14,,,,RunLoseWin,RunBlock1,,28,,loss
SPADE_Doors_052318,3846,1,"<?xml version=""1.0""?>\n<Clock xmlns:dt=""urn:schemas-microsoft-com:datatypes""><Description dt:dt=""string"">E-Prime Primary Realtime Clock</Description><StartTime><Timestamp dt:dt=""int"">0</Timestamp><DateUtc dt:dt=""string"">2019-04-01T20:34:09Z</DateUtc></StartTime><FrequencyChanges><FrequencyChange><Frequency dt:dt=""r8"">3410117</Frequency><Timestamp dt:dt=""r8"">83282638788</Timestamp><Current dt:dt=""r8"">0</Current><DateUtc dt:dt=""string"">2019-04-01T20:34:09Z</DateUtc></FrequencyChange></FrequencyChanges></Clock>\n",SPADE_Doors_052318-3846-1,75.031,1.0.0.283,725908,1,1678918960,Professional,2.0.10.356,2.0.10.356,4/1/19,4/1/19 20:34,16:34:09,2.0.10.252,2,0,715883,0,0,5000,720883,0,720883,6,715883,0,0,0,715779,720883,715877,0,RunLoseWin,1,1,2,RunList,443348,t,443348,422964,15,1,0,,-10,571566,10,568676,2999,g,835,569511,-10,568566,10,568076,600,0,0,571675,,0,0,600,-9,572166,0,572166,9,571675,600,0,100,,0,0,571566,fix+,572166,571666,1,winfollowloss,DownArrow.bmp,3200,3200,-21,576366,21,573287,0,,,,,,,,,,,,,,0,0,572275,,0,0,1000,-9,573166,0,573166,9,572275,1012,0,100,,0,0,572166,,573166,572266,1,,,,,,,,,,,,LoseProc,15,1,15,,,,RunLoseWin,RunBlock1,,29,,win
SPADE_Doors_052318,3846,1,"<?xml version=""1.0""?>\n<Clock xmlns:dt=""urn:schemas-microsoft-com:datatypes""><Description dt:dt=""string"">E-Prime Primary Realtime Clock</Description><StartTime><Timestamp dt:dt=""int"">0</Timestamp><DateUtc dt:dt=""string"">2019-04-01T20:34:09Z</DateUtc></StartTime><FrequencyChanges><FrequencyChange><Frequency dt:dt=""r8"">3410117</Frequency><Timestamp dt:dt=""r8"">83282638788</Timestamp><Current dt:dt=""r8"">0</Current><DateUtc dt:dt=""string"">2019-04-01T20:34:09Z</DateUtc></FrequencyChange></FrequencyChanges></Clock>\n",SPADE_Doors_052318-3846-1,75.031,1.0.0.283,725908,1,1678918960,Professional,2.0.10.356,2.0.10.356,4/1/19,4/1/19 20:34,16:34:09,2.0.10.252,2,0,715883,0,0,5000,720883,0,720883,6,715883,0,0,0,715779,720883,715877,0,RunLoseWin,1,1,2,RunList,443348,t,443348,422964,16,1,0,,-7,579966,7,577073,2998,g,922,577995,-7,576966,7,576473,600,0,0,580071,,0,0,600,-5,580566,0,580566,5,580071,600,0,100,,0,0,579966,fix+,580566,580066,1,winfollowwin,DownArrow.bmp,1100,1100,-18,582666,18,581684,0,,,,,,,,,,,,,,0,0,580671,,0,0,1000,-5,581566,0,581566,5,580671,1013,0,100,,0,0,580566,,581566,580666,1,,,,,,,,,,,,LoseProc,16,1,16,,,,RunLoseWin,RunBlock1,,30,,win
SPADE_Doors_052318,3846,1,"<?xml version=""1.0""?>\n<Clock xmlns:dt=""urn:schemas-microsoft-com:datatypes""><Description dt:dt=""string"">E-Prime Primary Realtime Clock</Description><StartTime><Timestamp dt:dt=""int"">0</Timestamp><DateUtc dt:dt=""string"">2019-04-01T20:34:09Z</DateUtc></StartTime><FrequencyChanges><FrequencyChange><Frequency dt:dt=""r8"">3410117</Frequency><Timestamp dt:dt=""r8"">83282638788</Timestamp><Current dt:dt=""r8"">0</Current><DateUtc dt:dt=""string"">2019-04-01T20:34:09Z</DateUtc></FrequencyChange></FrequencyChanges></Clock>\n",SPADE_Doors_052318-3846-1,75.031,1.0.0.283,725908,1,1678918960,Professional,2.0.10.356,2.0.10.356,4/1/19,4/1/19 20:34,16:34:09,2.0.10.252,2,0,715883,0,0,5000,720883,0,720883,6,715883,0,0,0,715779,720883,715877,0,RunLoseWin,1,1,2,RunList,443348,t,443348,422964,17,2,,,,,,,,,,,,,,,,,,,,,,,,,,,,,,,,,,,,,,,,,,,,,,,,,,,,,,,,,,,,,,,,,,,,,,,,,,,,,,,,,,,,,,0,582777,0,0,5000,0,582777,11,582777,0,t,PrizeInstructionProc,17,1,17,,,,RunLoseWin,RunBlock1,,,,
SPADE_Doors_052318,3846,1,"<?xml version=""1.0""?>\n<Clock xmlns:dt=""urn:schemas-microsoft-com:datatypes""><Description dt:dt=""string"">E-Prime Primary Realtime Clock</Description><StartTime><Timestamp dt:dt=""int"">0</Timestamp><DateUtc dt:dt=""string"">2019-04-01T20:34:09Z</DateUtc></StartTime><FrequencyChanges><FrequencyChange><Frequency dt:dt=""r8"">3410117</Frequency><Timestamp dt:dt=""r8"">83282638788</Timestamp><Current dt:dt=""r8"">0</Current><DateUtc dt:dt=""string"">2019-04-01T20:34:09Z</DateUtc></FrequencyChange></FrequencyChanges></Clock>\n",SPADE_Doors_052318-3846-1,75.031,1.0.0.283,725908,1,1678918960,Professional,2.0.10.356,2.0.10.356,4/1/19,4/1/19 20:34,16:34:09,2.0.10.252,2,0,715883,0,0,5000,720883,0,720883,6,715883,0,0,0,715779,720883,715877,0,RunLoseWin,1,1,2,RunList,443348,t,443348,422964,18,2,0,,-11,591277,11,588388,2999,b,416,588804,-11,588277,11,587788,600,0,0,591387,,0,0,600,-10,591877,0,591877,10,591387,600,0,100,,0,0,591277,fix+,591877,591377,1,blockstart,UpArrow.bmp,1100,1100,-22,593977,22,592999,0,,,,,,,,,,,,,,0,0,591987,,0,0,1000,-10,592877,0,592877,10,591987,1012,0,100,,0,0,591877,,592877,591977,1,,,,,,,,,,,,PrizeProc,18,1,18,,,,RunLoseWin,RunBlock1,,,16,win
SPADE_Doors_052318,3846,1,"<?xml version=""1.0""?>\n<Clock xmlns:dt=""urn:schemas-microsoft-com:datatypes""><Description dt:dt=""string"">E-Prime Primary Realtime Clock</Description><StartTime><Timestamp dt:dt=""int"">0</Timestamp><DateUtc dt:dt=""string"">2019-04-01T20:34:09Z</DateUtc></StartTime><FrequencyChanges><FrequencyChange><Frequency dt:dt=""r8"">3410117</Frequency><Timestamp dt:dt=""r8"">83282638788</Timestamp><Current dt:dt=""r8"">0</Current><DateUtc dt:dt=""string"">2019-04-01T20:34:09Z</DateUtc></FrequencyChange></FrequencyChanges></Clock>\n",SPADE_Doors_052318-3846-1,75.031,1.0.0.283,725908,1,1678918960,Professional,2.0.10.356,2.0.10.356,4/1/19,4/1/19 20:34,16:34:09,2.0.10.252,2,0,715883,0,0,5000,720883,0,720883,6,715883,0,0,0,715779,720883,715877,0,RunLoseWin,1,1,2,RunList,443348,t,443348,422964,19,2,0,,-2,597577,2,594679,2999,g,460,595139,-2,594577,2,594079,600,0,0,597678,,0,0,600,-1,598177,0,598177,1,597678,599,0,100,,0,0,597577,fix+,598177,597677,1,lossfollowwin,Line.bmp,3200,3200,0,602377,0,599277,0,,,,,,,,,,,,,,0,0,598277,,0,0,1000,0,599177,0,599177,0,598277,1000,0,100,,0,0,598177,,599177,598277,1,,,,,,,,,,,,PrizeProc,19,1,19,,,,RunLoseWin,RunBlock1,,,17,loss
SPADE_Doors_052318,3846,1,"<?xml version=""1.0""?>\n<Clock xmlns:dt=""urn:schemas-microsoft-com:datatypes""><Description dt:dt=""string"">E-Prime Primary Realtime Clock</Description><StartTime><Timestamp dt:dt=""int"">0</Timestamp><DateUtc dt:dt=""string"">2019-04-01T20:34:09Z</DateUtc></StartTime><FrequencyChanges><FrequencyChange><Frequency dt:dt=""r8"">3410117</Frequency><Timestamp dt:dt=""r8"">83282638788</Timestamp><Current dt:dt=""r8"">0</Current><DateUtc dt:dt=""string"">2019-04-01T20:34:09Z</DateUtc></FrequencyChange></FrequencyChanges></Clock>\n",SPADE_Doors_052318-3846-1,75.031,1.0.0.283,725908,1,1678918960,Professional,2.0.10.356,2.0.10.356,4/1/19,4/1/19 20:34,16:34:09,2.0.10.252,2,0,715883,0,0,5000,720883,0,720883,6,715883,0,0,0,715779,720883,715877,0,RunLoseWin,1,1,2,RunList,443348,t,443348,422964,20,2,0,,-12,605977,12,603089,2999,g,507,603596,-12,602977,12,602489,600,0,0,606088,,0,0,600,-11,606577,0,606577,11,606088,599,0,100,,0,0,605977,fix+,606577,606077,1,winfollowloss,UpArrow.bmp,5300,5300,-10,612877,10,607687,0,,,,,,,,,,,,,,0,0,606687,,0,0,1000,-10,607577,0,607577,10,606687,1000,0,100,,0,0,606577,,607577,606677,1,,,,,,,,,,,,PrizeProc,20,1,20,,,,RunLoseWin,RunBlock1,,,18,win
SPADE_Doors_052318,3846,1,"<?xml version=""1.0""?>\n<Clock xmlns:dt=""urn:schemas-microsoft-com:datatypes""><Description dt:dt=""string"">E-Prime Primary Realtime Clock</Description><StartTime><Timestamp dt:dt=""int"">0</Timestamp><DateUtc dt:dt=""string"">2019-04-01T20:34:09Z</DateUtc></StartTime><FrequencyChanges><FrequencyChange><Frequency dt:dt=""r8"">3410117</Frequency><Timestamp dt:dt=""r8"">83282638788</Timestamp><Current dt:dt=""r8"">0</Current><DateUtc dt:dt=""string"">2019-04-01T20:34:09Z</DateUtc></FrequencyChange></FrequencyChanges></Clock>\n",SPADE_Doors_052318-3846-1,75.031,1.0.0.283,725908,1,1678918960,Professional,2.0.10.356,2.0.10.356,4/1/19,4/1/19 20:34,16:34:09,2.0.10.252,2,0,715883,0,0,5000,720883,0,720883,6,715883,0,0,0,715779,720883,715877,0,RunLoseWin,1,1,2,RunList,443348,t,443348,422964,21,2,0,,-1,616477,1,613578,2999,g,540,614118,-1,613477,1,612978,600,0,0,616577,,0,0,600,0,617077,0,617077,0,616577,613,0,100,,0,0,616477,fix+,617077,616577,1,winfollowwin,UpArrow.bmp,5300,5300,-26,623377,26,618203,0,,,,,,,,,,,,,,0,0,617190,,0,0,1000,-13,618077,0,618077,13,617190,1013,0,100,,0,0,617077,,618077,617177,1,,,,,,,,,,,,PrizeProc,21,1,21,,,,RunLoseWin,RunBlock1,,,19,win
SPADE_Doors_052318,3846,1,"<?xml version=""1.0""?>\n<Clock xmlns:dt=""urn:schemas-microsoft-com:datatypes""><Description dt:dt=""string"">E-Prime Primary Realtime Clock</Description><StartTime><Timestamp dt:dt=""int"">0</Timestamp><DateUtc dt:dt=""string"">2019-04-01T20:34:09Z</DateUtc></StartTime><FrequencyChanges><FrequencyChange><Frequency dt:dt=""r8"">3410117</Frequency><Timestamp dt:dt=""r8"">83282638788</Timestamp><Current dt:dt=""r8"">0</Current><DateUtc dt:dt=""string"">2019-04-01T20:34:09Z</DateUtc></FrequencyChange></FrequencyChanges></Clock>\n",SPADE_Doors_052318-3846-1,75.031,1.0.0.283,725908,1,1678918960,Professional,2.0.10.356,2.0.10.356,4/1/19,4/1/19 20:34,16:34:09,2.0.10.252,2,0,715883,0,0,5000,720883,0,720883,6,715883,0,0,0,715779,720883,715877,0,RunLoseWin,1,1,2,RunList,443348,t,443348,422964,22,2,0,,-3,626977,3,624080,2999,g,518,624598,-4,623977,4,623481,599,0,0,627079,,0,0,600,-2,627577,0,627577,2,627079,600,0,100,,0,0,626977,fix+,627577,627077,1,winfollowwin,UpArrow.bmp,5300,5300,-15,633877,15,628692,0,,,,,,,,,,,,,,0,0,627679,,0,0,1000,-2,628577,0,628577,2,627679,1013,0,100,,0,0,627577,,628577,627677,1,,,,,,,,,,,,PrizeProc,22,1,22,,,,RunLoseWin,RunBlock1,,,20,win
SPADE_Doors_052318,3846,1,"<?xml version=""1.0""?>\n<Clock xmlns:dt=""urn:schemas-microsoft-com:datatypes""><Description dt:dt=""string"">E-Prime Primary Realtime Clock</Description><StartTime><Timestamp dt:dt=""int"">0</Timestamp><DateUtc dt:dt=""string"">2019-04-01T20:34:09Z</DateUtc></StartTime><FrequencyChanges><FrequencyChange><Frequency dt:dt=""r8"">3410117</Frequency><Timestamp dt:dt=""r8"">83282638788</Timestamp><Current dt:dt=""r8"">0</Current><DateUtc dt:dt=""string"">2019-04-01T20:34:09Z</DateUtc></FrequencyChange></FrequencyChanges></Clock>\n",SPADE_Doors_052318-3846-1,75.031,1.0.0.283,725908,1,1678918960,Professional,2.0.10.356,2.0.10.356,4/1/19,4/1/19 20:34,16:34:09,2.0.10.252,2,0,715883,0,0,5000,720883,0,720883,6,715883,0,0,0,715779,720883,715877,0,RunLoseWin,1,1,2,RunList,443348,t,443348,422964,23,2,0,,-6,637477,6,634583,2998,b,500,635083,-6,634477,6,633983,600,0,0,637581,,0,0,600,-4,638077,0,638077,4,637581,614,0,100,,0,0,637477,fix+,638077,637577,1,winfollowwin,UpArrow.bmp,3200,3200,-17,642277,17,639194,0,,,,,,,,,,,,,,0,0,638195,,0,0,1000,-18,639077,0,639077,18,638195,999,0,100,,0,0,638077,,639077,638177,1,,,,,,,,,,,,PrizeProc,23,1,23,,,,RunLoseWin,RunBlock1,,,21,win
SPADE_Doors_052318,3846,1,"<?xml version=""1.0""?>\n<Clock xmlns:dt=""urn:schemas-microsoft-com:datatypes""><Description dt:dt=""string"">E-Prime Primary Realtime Clock</Description><StartTime><Timestamp dt:dt=""int"">0</Timestamp><DateUtc dt:dt=""string"">2019-04-01T20:34:09Z</DateUtc></StartTime><FrequencyChanges><FrequencyChange><Frequency dt:dt=""r8"">3410117</Frequency><Timestamp dt:dt=""r8"">83282638788</Timestamp><Current dt:dt=""r8"">0</Current><DateUtc dt:dt=""string"">2019-04-01T20:34:09Z</DateUtc></FrequencyChange></FrequencyChanges></Clock>\n",SPADE_Doors_052318-3846-1,75.031,1.0.0.283,725908,1,1678918960,Professional,2.0.10.356,2.0.10.356,4/1/19,4/1/19 20:34,16:34:09,2.0.10.252,2,0,715883,0,0,5000,720883,0,720883,6,715883,0,0,0,715779,720883,715877,0,RunLoseWin,1,1,2,RunList,443348,t,443348,422964,24,2,0,,-2,645877,2,642979,2999,g,424,643403,-3,642877,3,642380,599,0,0,645978,,0,0,600,-1,646477,0,646477,1,645978,600,0,100,,0,0,645877,fix+,646477,645977,1,lossfollowwin,Line.bmp,1100,1100,-14,648577,14,647591,0,,,,,,,,,,,,,,0,0,646578,,0,0,1000,-1,647477,0,647477,1,646578,1013,0,100,,0,0,646477,,647477,646577,1,,,,,,,,,,,,PrizeProc,24,1,24,,,,RunLoseWin,RunBlock1,,,22,loss
SPADE_Doors_052318,3846,1,"<?xml version=""1.0""?>\n<Clock xmlns:dt=""urn:schemas-microsoft-com:datatypes""><Description dt:dt=""string"">E-Prime Primary Realtime Clock</Description><StartTime><Timestamp dt:dt=""int"">0</Timestamp><DateUtc dt:dt=""string"">2019-04-01T20:34:09Z</DateUtc></StartTime><FrequencyChanges><FrequencyChange><Frequency dt:dt=""r8"">3410117</Frequency><Timestamp dt:dt=""r8"">83282638788</Timestamp><Current dt:dt=""r8"">0</Current><DateUtc dt:dt=""string"">2019-04-01T20:34:09Z</DateUtc></FrequencyChange></FrequencyChanges></Clock>\n",SPADE_Doors_052318-3846-1,75.031,1.0.0.283,725908,1,1678918960,Professional,2.0.10.356,2.0.10.356,4/1/19,4/1/19 20:34,16:34:09,2.0.10.252,2,0,715883,0,0,5000,720883,0,720883,6,715883,0,0,0,715779,720883,715877,0,RunLoseWin,1,1,2,RunList,443348,t,443348,422964,25,2,0,,-6,652177,6,649283,2999,g,326,649609,-7,649177,7,648684,599,0,0,652282,,0,0,600,-5,652777,0,652777,5,652282,600,0,100,,0,0,652177,fix+,652777,652277,1,lossfollowloss,Line.bmp,3200,3200,-5,656977,5,653882,0,,,,,,,,,,,,,,0,0,652882,,0,0,1000,-5,653777,0,653777,5,652882,1000,0,100,,0,0,652777,,653777,652877,1,,,,,,,,,,,,PrizeProc,25,1,25,,,,RunLoseWin,RunBlock1,,,23,loss
SPADE_Doors_052318,3846,1,"<?xml version=""1.0""?>\n<Clock xmlns:dt=""urn:schemas-microsoft-com:datatypes""><Description dt:dt=""string"">E-Prime Primary Realtime Clock</Description><StartTime><Timestamp dt:dt=""int"">0</Timestamp><DateUtc dt:dt=""string"">2019-04-01T20:34:09Z</DateUtc></StartTime><FrequencyChanges><FrequencyChange><Frequency dt:dt=""r8"">3410117</Frequency><Timestamp dt:dt=""r8"">83282638788</Timestamp><Current dt:dt=""r8"">0</Current><DateUtc dt:dt=""string"">2019-04-01T20:34:09Z</DateUtc></FrequencyChange></FrequencyChanges></Clock>\n",SPADE_Doors_052318-3846-1,75.031,1.0.0.283,725908,1,1678918960,Professional,2.0.10.356,2.0.10.356,4/1/19,4/1/19 20:34,16:34:09,2.0.10.252,2,0,715883,0,0,5000,720883,0,720883,6,715883,0,0,0,715779,720883,715877,0,RunLoseWin,1,1,2,RunList,443348,t,443348,422964,26,2,0,,-3,660577,3,657680,2999,b,457,658137,-3,657577,3,657080,600,0,0,660679,,0,0,600,-2,661177,0,661177,2,660679,600,0,100,,0,0,660577,fix+,661177,660677,1,winfollowloss,UpArrow.bmp,3200,3200,-15,665377,15,662292,0,,,,,,,,,,,,,,0,0,661279,,0,0,1000,-2,662177,0,662177,2,661279,1013,0,100,,0,0,661177,,662177,661277,1,,,,,,,,,,,,PrizeProc,26,1,26,,,,RunLoseWin,RunBlock1,,,24,win
SPADE_Doors_052318,3846,1,"<?xml version=""1.0""?>\n<Clock xmlns:dt=""urn:schemas-microsoft-com:datatypes""><Description dt:dt=""string"">E-Prime Primary Realtime Clock</Description><StartTime><Timestamp dt:dt=""int"">0</Timestamp><DateUtc dt:dt=""string"">2019-04-01T20:34:09Z</DateUtc></StartTime><FrequencyChanges><FrequencyChange><Frequency dt:dt=""r8"">3410117</Frequency><Timestamp dt:dt=""r8"">83282638788</Timestamp><Current dt:dt=""r8"">0</Current><DateUtc dt:dt=""string"">2019-04-01T20:34:09Z</DateUtc></FrequencyChange></FrequencyChanges></Clock>\n",SPADE_Doors_052318-3846-1,75.031,1.0.0.283,725908,1,1678918960,Professional,2.0.10.356,2.0.10.356,4/1/19,4/1/19 20:34,16:34:09,2.0.10.252,2,0,715883,0,0,5000,720883,0,720883,6,715883,0,0,0,715779,720883,715877,0,RunLoseWin,1,1,2,RunList,443348,t,443348,422964,27,2,0,,0,668977,0,666077,3012,g,372,666449,0,665977,0,665477,600,0,0,669089,,0,0,600,-12,669577,0,669577,12,669089,600,0,100,,0,0,668977,fix+,669577,669077,1,lossfollowwin,Line.bmp,1100,1100,-25,671677,25,670702,0,,,,,,,,,,,,,,0,0,669689,,0,0,1000,-12,670577,0,670577,12,669689,1013,0,100,,0,0,669577,,670577,669677,1,,,,,,,,,,,,PrizeProc,27,1,27,,,,RunLoseWin,RunBlock1,,,25,loss
SPADE_Doors_052318,3846,1,"<?xml version=""1.0""?>\n<Clock xmlns:dt=""urn:schemas-microsoft-com:datatypes""><Description dt:dt=""string"">E-Prime Primary Realtime Clock</Description><StartTime><Timestamp dt:dt=""int"">0</Timestamp><DateUtc dt:dt=""string"">2019-04-01T20:34:09Z</DateUtc></StartTime><FrequencyChanges><FrequencyChange><Frequency dt:dt=""r8"">3410117</Frequency><Timestamp dt:dt=""r8"">83282638788</Timestamp><Current dt:dt=""r8"">0</Current><DateUtc dt:dt=""string"">2019-04-01T20:34:09Z</DateUtc></FrequencyChange></FrequencyChanges></Clock>\n",SPADE_Doors_052318-3846-1,75.031,1.0.0.283,725908,1,1678918960,Professional,2.0.10.356,2.0.10.356,4/1/19,4/1/19 20:34,16:34:09,2.0.10.252,2,0,715883,0,0,5000,720883,0,720883,6,715883,0,0,0,715779,720883,715877,0,RunLoseWin,1,1,2,RunList,443348,t,443348,422964,28,2,0,,-4,675277,4,672381,2999,b,328,672709,-4,672277,4,671781,600,0,0,675380,,0,0,600,-3,675877,0,675877,3,675380,599,0,100,,0,0,675277,fix+,675877,675377,1,lossfollowloss,Line.bmp,1100,1100,-2,677977,2,676979,0,,,,,,,,,,,,,,0,0,675979,,0,0,1000,-2,676877,0,676877,2,675979,1000,0,100,,0,0,675877,,676877,675977,1,,,,,,,,,,,,PrizeProc,28,1,28,,,,RunLoseWin,RunBlock1,,,26,loss
SPADE_Doors_052318,3846,1,"<?xml version=""1.0""?>\n<Clock xmlns:dt=""urn:schemas-microsoft-com:datatypes""><Description dt:dt=""string"">E-Prime Primary Realtime Clock</Description><StartTime><Timestamp dt:dt=""int"">0</Timestamp><DateUtc dt:dt=""string"">2019-04-01T20:34:09Z</DateUtc></StartTime><FrequencyChanges><FrequencyChange><Frequency dt:dt=""r8"">3410117</Frequency><Timestamp dt:dt=""r8"">83282638788</Timestamp><Current dt:dt=""r8"">0</Current><DateUtc dt:dt=""string"">2019-04-01T20:34:09Z</DateUtc></FrequencyChange></FrequencyChanges></Clock>\n",SPADE_Doors_052318-3846-1,75.031,1.0.0.283,725908,1,1678918960,Professional,2.0.10.356,2.0.10.356,4/1/19,4/1/19 20:34,16:34:09,2.0.10.252,2,0,715883,0,0,5000,720883,0,720883,6,715883,0,0,0,715779,720883,715877,0,RunLoseWin,1,1,2,RunList,443348,t,443348,422964,29,2,0,,-8,681577,8,678685,2999,g,298,678983,-8,678577,8,678085,600,0,0,681684,,0,0,600,-7,682177,0,682177,7,681684,599,0,100,,0,0,681577,fix+,682177,681677,1,lossfollowloss,Line.bmp,1100,1100,-6,684277,6,683283,0,,,,,,,,,,,,,,0,0,682283,,0,0,1000,-6,683177,0,683177,6,682283,1000,0,100,,0,0,682177,,683177,682277,1,,,,,,,,,,,,PrizeProc,29,1,29,,,,RunLoseWin,RunBlock1,,,27,loss
SPADE_Doors_052318,3846,1,"<?xml version=""1.0""?>\n<Clock xmlns:dt=""urn:schemas-microsoft-com:datatypes""><Description dt:dt=""string"">E-Prime Primary Realtime Clock</Description><StartTime><Timestamp dt:dt=""int"">0</Timestamp><DateUtc dt:dt=""string"">2019-04-01T20:34:09Z</DateUtc></StartTime><FrequencyChanges><FrequencyChange><Frequency dt:dt=""r8"">3410117</Frequency><Timestamp dt:dt=""r8"">83282638788</Timestamp><Current dt:dt=""r8"">0</Current><DateUtc dt:dt=""string"">2019-04-01T20:34:09Z</DateUtc></FrequencyChange></FrequencyChanges></Clock>\n",SPADE_Doors_052318-3846-1,75.031,1.0.0.283,725908,1,1678918960,Professional,2.0.10.356,2.0.10.356,4/1/19,4/1/19 20:34,16:34:09,2.0.10.252,2,0,715883,0,0,5000,720883,0,720883,6,715883,0,0,0,715779,720883,715877,0,RunLoseWin,1,1,2,RunList,443348,t,443348,422964,30,2,0,,-12,687877,12,684989,2999,b,826,685815,-12,684877,12,684389,600,0,0,687988,,0,0,600,-11,688477,0,688477,11,687988,600,0,100,,0,0,687877,fix+,688477,687977,1,lossfollowloss,Line.bmp,5300,5300,-10,694777,10,689587,0,,,,,,,,,,,,,,0,0,688588,,0,0,1000,-11,689477,0,689477,11,688588,999,0,100,,0,0,688477,,689477,688577,1,,,,,,,,,,,,PrizeProc,30,1,30,,,,RunLoseWin,RunBlock1,,,28,loss
SPADE_Doors_052318,3846,1,"<?xml version=""1.0""?>\n<Clock xmlns:dt=""urn:schemas-microsoft-com:datatypes""><Description dt:dt=""string"">E-Prime Primary Realtime Clock</Description><StartTime><Timestamp dt:dt=""int"">0</Timestamp><DateUtc dt:dt=""string"">2019-04-01T20:34:09Z</DateUtc></StartTime><FrequencyChanges><FrequencyChange><Frequency dt:dt=""r8"">3410117</Frequency><Timestamp dt:dt=""r8"">83282638788</Timestamp><Current dt:dt=""r8"">0</Current><DateUtc dt:dt=""string"">2019-04-01T20:34:09Z</DateUtc></FrequencyChange></FrequencyChanges></Clock>\n",SPADE_Doors_052318-3846-1,75.031,1.0.0.283,725908,1,1678918960,Professional,2.0.10.356,2.0.10.356,4/1/19,4/1/19 20:34,16:34:09,2.0.10.252,2,0,715883,0,0,5000,720883,0,720883,6,715883,0,0,0,715779,720883,715877,0,RunLoseWin,1,1,2,RunList,443348,t,443348,422964,31,2,0,,-1,698377,1,695478,2999,b,290,695768,-1,695377,1,694878,600,0,0,698477,,0,0,600,0,698977,0,698977,0,698477,600,0,100,,0,0,698377,fix+,698977,698477,1,winfollowloss,UpArrow.bmp,5300,5300,-26,705277,26,700103,0,,,,,,,,,,,,,,0,0,699077,,0,0,1000,0,699977,0,699977,0,699077,1026,0,100,,0,0,698977,,699977,699077,1,,,,,,,,,,,,PrizeProc,31,1,31,,,,RunLoseWin,RunBlock1,,,29,win
SPADE_Doors_052318,3846,1,"<?xml version=""1.0""?>\n<Clock xmlns:dt=""urn:schemas-microsoft-com:datatypes""><Description dt:dt=""string"">E-Prime Primary Realtime Clock</Description><StartTime><Timestamp dt:dt=""int"">0</Timestamp><DateUtc dt:dt=""string"">2019-04-01T20:34:09Z</DateUtc></StartTime><FrequencyChanges><FrequencyChange><Frequency dt:dt=""r8"">3410117</Frequency><Timestamp dt:dt=""r8"">83282638788</Timestamp><Current dt:dt=""r8"">0</Current><DateUtc dt:dt=""string"">2019-04-01T20:34:09Z</DateUtc></FrequencyChange></FrequencyChanges></Clock>\n",SPADE_Doors_052318-3846-1,75.031,1.0.0.283,725908,1,1678918960,Professional,2.0.10.356,2.0.10.356,4/1/19,4/1/19 20:34,16:34:09,2.0.10.252,2,0,715883,0,0,5000,720883,0,720883,6,715883,0,0,0,715779,720883,715877,0,RunLoseWin,1,1,2,RunList,443348,t,443348,422964,32,2,0,,-4,708877,4,705981,2998,g,414,706395,-4,705877,4,705381,600,0,0,708979,,0,0,600,-2,709477,0,709477,2,708979,600,0,100,,0,0,708877,fix+,709477,708977,1,winfollowwin,UpArrow.bmp,5300,5300,-15,715777,15,710592,0,,,,,,,,,,,,,,0,0,709579,,0,0,1000,-2,710477,0,710477,2,709579,1013,0,100,,0,0,709477,,710477,709577,1,,,,,,,,,,,,PrizeProc,32,1,32,,,,RunLoseWin,RunBlock1,,,30,win